legacy_source,managed_source,drive_file_ids,legacy_chunks,managed_active_chunks,legacy_unique_tokens,managed_unique_tokens,shared_unique_tokens,jaccard_similarity,conclusion
anestesia__classificacao_tipos__capitulo_livro__sobecc__2017__v7.pdf,anestesia__classificacao_tipos__capitulo_livro__sobecc__2017__v7,1gBvFE2DRjXYHLP-Qspksx7t3GiBEfyjI,58,91,479,4151,49,0.0107,NOME_SEM_EQUIVALENCIA_DE_CONTEUDO — não excluir
anestesia__protocolo_assistencial_anestesia__artigo__relae__2017__v1.pdf,anestesia__protocolo_assistencial_anestesia__artigo__relae__2017__v1,1lyRAPNXfNubucSWp6tbrE_fjNCFh3fTd,96,73,1986,2178,1817,0.7742,VERSAO_RELACIONADA — manter ambas até validação documental
anestesia__resumo_anestesia__resumo_aula__ufsc__nao_disponivel__v1.pdf,anestesia__resumo_anestesia__resumo_aula__ufsc__nao_disponivel__v1,1rPHkdjmqyCHJYZZBJuYbFpTkSXo1gItE,23,12,387,372,372,0.9612,IDENTIDADE_PROVAVEL — confirmar backup e origem antes de excluir
biblioteca__clinica_cirurgica__resumo__medcel__sem_data__v1.pdf,biblioteca__clinica_cirurgica__resumo__medcel__sem_data__v1,1uC-_-TFRVx4pPW90wwfm0nS8CzkzdcMY,528,780,10579,10478,10457,0.9865,IDENTIDADE_PROVAVEL — confirmar backup e origem antes de excluir
biblioteca__diagnosticos_enfermagem_definicoes_classificacao__livro__nanda__2023__v12.pdf,biblioteca__diagnosticos_enfermagem_definicoes_classificacao__livro__nanda__2023__v12,18vXR395kiMezxuA4TcaQQJUmwOUsq8Bb,757,1195,11380,10564,9117,0.7108,VERSAO_RELACIONADA — manter ambas até validação documental
biblioteca__dicionario_termos_medicos_enfermagem__livro__organizacao_deocleciano_torrieri_guimaraes__2002__v1.pdf,biblioteca__dicionario_termos_medicos_enfermagem__livro__organizacao_deocleciano_torrieri_guimaraes__2002__v1,15cHzlZGfKjdm_Ml92ZMUUPQBSK-VoCzX,836,1341,20110,20156,20066,0.9934,IDENTIDADE_PROVAVEL — confirmar backup e origem antes de excluir
biblioteca__enfermagem_cardiologia__livro__sbibae__2012__v1.pdf,biblioteca__enfermagem_cardiologia__livro__sbibae__2012__v1.pdf,1yqwQggFm8jU0UjF-FqHRp9ga3TKYfxhc,306,898,0,30680,0,0.0000,NOME_SEM_EQUIVALENCIA_DE_CONTEUDO — não excluir
biblioteca__exame_fisico_enfermagem__guia__elsevier__2012__v6.pdf,biblioteca__exame_fisico_enfermagem__guia__elsevier__2012__v6,1qdnqA_uxbTzakZ1sv3nSpObmOGMH_PF3,75,121,3398,3418,3298,0.9375,IDENTIDADE_PROVAVEL — confirmar backup e origem antes de excluir
cuidados_pois__permeabilidade_vias_aereas_pos_operatorio__artigo__reben__2020__v1.pdf,cuidados_pois__permeabilidade_vias_aereas_pos_operatorio__artigo__reben__2020__v1,1vhBGYtuJbVsg2k8fh5x8ZFvL6SDC81fY,38,56,1433,1437,1429,0.9917,IDENTIDADE_PROVAVEL — confirmar backup e origem antes de excluir
cuidados_pos__alta_hospitalar__aula__ufsc__nao_disponivel__v1.pdf,cuidados_pos__alta_hospitalar__aula__ufsc__nao_disponivel__v1,1RCyHau7fNnNhRka-atSPhppmAuW6JeRH,3,17,225,224,217,0.9353,IDENTIDADE_PROVAVEL — confirmar backup e origem antes de excluir
cuidados_pos__atuacao_angiologia_cirurgica_vascular_pandemia_covid__artigo__rev_col_bras__2020__v1.pdf,cuidados_pos__atuacao_angiologia_cirurgica_vascular_pandemia_covid__artigo__rev_col_bras__2020__v1,1FCdYFq79-qL4t0wgmmrOmaOnU_p9vDwv,30,44,1512,1516,1501,0.9830,IDENTIDADE_PROVAVEL — confirmar backup e origem antes de excluir
cuidados_pos__aula_intercorrencias_poi__resumo_aula__ufsc__nao_disponivel__v1.pdf,cuidados_pos__aula_intercorrencias_poi__resumo_aula__ufsc__nao_disponivel__v1,1fK0AF3jec4OrQtIAROJPKMrdU8VWv89F,5,6,311,310,310,0.9968,IDENTIDADE_PROVAVEL — confirmar backup e origem antes de excluir
cuidados_pos__aula_pos_operatorio__aula__ufsc__nao_disponivel__v1.pdf,cuidados_pos__aula_pos_operatorio__aula__ufsc__nao_disponivel__v1,1GTAHERp-d3jlwo9iPV2fobEiYdm_NmkA,6,11,418,417,414,0.9834,IDENTIDADE_PROVAVEL — confirmar backup e origem antes de excluir
cuidados_pos__complicacoes_pos_operatorio__artigo__reben__2020__v1.pdf,cuidados_pos__complicacoes_pos_operatorio__artigo__reben__2020__v1,1WZJNFwRSIvqsTzE3YlPo-kT9rBzfQKOO,34,50,1568,1575,1564,0.9905,IDENTIDADE_PROVAVEL — confirmar backup e origem antes de excluir
cuidados_pos__comunicacao_orientacao_transicao_cuidados_domiciliar_pos__artigo__research_society_development__2022__v1.pdf,cuidados_pos__comunicacao_orientacao_transicao_cuidados_domiciliar_pos__artigo__research_society_development__2022__v1,17qpoGMDN4iu6_dGZl1L620eCwxOeypvr,41,60,1605,1553,1534,0.9446,IDENTIDADE_PROVAVEL — confirmar backup e origem antes de excluir
cuidados_pos__cuidados_enfermagem_pos_operatorio_acolhimento__artigo__research_society_development__2022__v1.pdf,cuidados_pos__cuidados_enfermagem_pos_operatorio_acolhimento__artigo__research_society_development__2022__v1,1ymUqtCBbHKAKBUqyuAgCrN4zfdps7LfE,33,47,1665,1527,1460,0.8430,VERSAO_RELACIONADA — manter ambas até validação documental
cuidados_pos__cuidados_enfermagem_pos_operatorio_enfermagem__artigo__revista_enfermagem_ufpi__2023__v1.pdf,cuidados_pos__cuidados_enfermagem_pos_operatorio_enfermagem__artigo__revista_enfermagem_ufpi__2023__v1,1Otw5FXgeZJGUbhakBu-M56rpoUVgznpS,36,50,1583,1556,1545,0.9693,IDENTIDADE_PROVAVEL — confirmar backup e origem antes de excluir
cuidados_pos__diretrizes_atencao_pessoa_amputada__guia__ministerio_da_saude__2023__v1.pdf,cuidados_pos__diretrizes_atencao_pessoa_amputada__guia__ministerio_da_saude__2023__v1,1-xhx4ifwQCUbz_keirJIz6UQSQ8a5sUE,30,57,1339,1341,1336,0.9940,IDENTIDADE_PROVAVEL — confirmar backup e origem antes de excluir
cuidados_pos__recuperacao_anestesica_segura__apostila__sobecc__nao_disponivel__v1.pdf,cuidados_pos__recuperacao_anestesica_segura__apostila__sobecc__nao_disponivel__v1,1a0YMt3q7p70f5iFaX_qQJ1RHouEvalYA,4,7,214,214,213,0.9907,IDENTIDADE_PROVAVEL — confirmar backup e origem antes de excluir
cuidados_pos__sinais_agravo__apostila__sobecc__nao_disponivel__v1.pdf,cuidados_pos__sinais_agravo__apostila__sobecc__nao_disponivel__v1,1_VSuj-wh7VOliXi2M_7idLkb1jEAk5Yn,5,8,282,282,282,1.0000,IDENTIDADE_PROVAVEL — confirmar backup e origem antes de excluir
cuidados_pos__video_educativo_pacientes_cirurgia_robotica__artigo__reben__2022__v1.pdf,cuidados_pos__video_educativo_pacientes_cirurgia_robotica__artigo__reben__2022__v1,1XoSi4a7hJA7A9GdWxQxGucwCv3WLhv1f,38,57,1704,1708,1700,0.9930,IDENTIDADE_PROVAVEL — confirmar backup e origem antes de excluir
cuidados_pre__aspectos_relevantes_visita_pré_operatória__artigo__reas_ejch__2019__v1.pdf,cuidados_pre__aspectos_relevantes_visita_pré_operatória__artigo__reas_ejch__2019__v1,1SllmrhJX8SuZi5i6kFikDqBCtngSFhzh,20,28,967,960,952,0.9764,IDENTIDADE_PROVAVEL — confirmar backup e origem antes de excluir
cuidados_pre__cuidados_enfermagem_pacientes_pre_operatorio_checklist__artigo__inova_saude__2021__v1.pdf,cuidados_pre__cuidados_enfermagem_pacientes_pre_operatorio_checklist__artigo__inova_saude__2021__v1,1z24RFyNSXK70wgr9-a3KZ9257xGsRJTD,38,57,1404,1382,1351,0.9415,IDENTIDADE_PROVAVEL — confirmar backup e origem antes de excluir
cuidados_pre__importancia_cuidados_pre_operatorio__artigo__remic__2023__v1.pdf,cuidados_pre__importancia_cuidados_pre_operatorio__artigo__remic__2023__v1,11yYTHeY94hOPFBZaB2Zlt2Wiw2qxVuX4,33,49,1174,1153,1149,0.9754,IDENTIDADE_PROVAVEL — confirmar backup e origem antes de excluir
cuidados_pre__principais_recomendacoes_cuidados_pre_operatorios__artigo__rev_med_ufc__2019__v1.pdf,cuidados_pre__principais_recomendacoes_cuidados_pre_operatorios__artigo__rev_med_ufc__2019__v1,12F8539ZNtvLtx5nGmPOtUPJ6clbVvNJU,25,35,1221,1224,1221,0.9975,IDENTIDADE_PROVAVEL — confirmar backup e origem antes de excluir
dor_pos_operatoria__dor_fantasma__artigo__medicus__2020__v1.pdf,dor_pos_operatoria__dor_fantasma__artigo__medicus__2020__v1,1nAb093keQj_Yhc0ggBrbFitGFblbrudE,19,26,1003,1003,1003,1.0000,IDENTIDADE_PROVAVEL — confirmar backup e origem antes de excluir
dor_pos_operatoria__intervencoes_nao_farmacologicas_manejo_dor_pos_operatoria__artigo__revol__2021__v1.pdf,dor_pos_operatoria__intervencoes_nao_farmacologicas_manejo_dor_pos_operatoria__artigo__revol__2021__v1,1PqMF2K_ijUIrkhqDL-28KPJSA5dwinzY,25,38,1301,1301,1301,1.0000,IDENTIDADE_PROVAVEL — confirmar backup e origem antes de excluir
estoma__qualidade_de_vida_pessoa_estomizada__artigo__ean__2018__v1.pdf,estoma__qualidade_de_vida_pessoa_estomizada__artigo__ean__2018__v1,1ldnVPOO96XZstBvujx0cRJAqO9lDyHKE,38,58,1600,1608,1590,0.9827,IDENTIDADE_PROVAVEL — confirmar backup e origem antes de excluir
ferida__cicatrizacao_feridas_analise_tendencia__artigo__reusfm__2015__v1.pdf,ferida__cicatrizacao_feridas_analise_tendencia__artigo__reusfm__2015__v1,1BF7mv42fMWtWbl-RFEM2kMqC7u_JvfXl,25,35,1147,1082,1023,0.8483,VERSAO_RELACIONADA — manter ambas até validação documental
ferida__cicatrizacao_tratamento_feridas__artigo__enfermagem_em_foco__2019__v1.pdf,ferida__cicatrizacao_tratamento_feridas__artigo__enfermagem_em_foco__2019__v1,1B6zSzhdLAkuIo6tAsxUEjnvdu5sparL5,26,38,1159,1159,1159,1.0000,IDENTIDADE_PROVAVEL — confirmar backup e origem antes de excluir
ferida__consenso_antissepticos__guia__wounds_international__2023__v1.pdf,ferida__consenso_antissepticos__guia__wounds_international__2023__v1,1_WY-Q4LoAi4Fkd5paSX5-Ckx7S922iSP,83,124,2471,2468,2443,0.9788,IDENTIDADE_PROVAVEL — confirmar backup e origem antes de excluir
ferida__consenso_uso_prata_feridas__guia__wounds_international__2012__v1.pdf,ferida__consenso_uso_prata_feridas__guia__wounds_international__2012__v1,1-5n8Jt_rfg7VBwL0pA_Fn0tV--9Xywop,92,125,2461,3016,1805,0.4916,NOME_SEM_EQUIVALENCIA_DE_CONTEUDO — não excluir
ferida__cuidados_enfermagem_pessoas_com_feridas_oncologicas__manual_pratico__camila_vicente__2018__v1.pdf,ferida__cuidados_enfermagem_pessoas_com_feridas_oncologicas__manual_pratico__camila_vicente__2018__v1,1m_HSGwUzG5sl9cy09ExR1YxXuR4KjBfh,46,82,1918,1886,1864,0.9608,IDENTIDADE_PROVAVEL — confirmar backup e origem antes de excluir
ferida__fios_padroes_sutura__aula__ufsc__2020__v1.pdf,ferida__fios_padroes_sutura__aula__ufsc__2020__v1,1yNf2wjEd6Kh_6ws3A_aNhtCBF_rQ-Dy7,11,34,580,579,578,0.9948,IDENTIDADE_PROVAVEL — confirmar backup e origem antes de excluir
ferida__fios_sutura__artigo__surgical_sutures__2016__v1.pdf,ferida__fios_sutura__artigo__surgical_sutures__2016__v1,16GLTKTwbrmzK0Ss_EvupoyQQEm6kYSpG,22,36,1244,1238,1221,0.9683,IDENTIDADE_PROVAVEL — confirmar backup e origem antes de excluir
ferida__higiene_feridas_estrategia_proativa_cicatrizacao__guia__murphy_et_al__2022__v1.pdf,ferida__higiene_feridas_estrategia_proativa_cicatrizacao__guia__murphy_et_al__2022__v1,1TiWjB4dsk0mmiuDFZ1raAmjjSnWGQtVG,59,89,1945,1942,1936,0.9923,IDENTIDADE_PROVAVEL — confirmar backup e origem antes de excluir
ferida__implementando_timers__guia__wound_care_journal__2019__v1.pdf,ferida__implementando_timers__guia__wound_care_journal__2019__v1,1wHIhi2Yw7B-NCR3oN3tfBnlZ9I9f2fHu,177,269,4696,4719,4685,0.9905,IDENTIDADE_PROVAVEL — confirmar backup e origem antes de excluir
infeccao_sitio_cirurgico__atualizacao_evidencia_cientifica_poscionamento_ciuúrgico__artigo__sobecc__2022__v1.pdf,infeccao_sitio_cirurgico__atualizacao_evidencia_cientifica_poscionamento_ciuúrgico__artigo__sobecc__2022__v1,1EP6smNAfD1mGvxlFI60zdWYI0AUiBzbS,28,42,1223,1225,1223,0.9984,IDENTIDADE_PROVAVEL — confirmar backup e origem antes de excluir
infeccao_sitio_cirurgico__capitulo_recursos_humanos_centro_cirurgico__capitulo_livro__sobecc__2017__v1.pdf,infeccao_sitio_cirurgico__capitulo_recursos_humanos_centro_cirurgico__capitulo_livro__sobecc__2017__v1,1GPn09XtMV0-zVQvV9jAeZUSBGS5oX_NT,35,68,0,2599,0,0.0000,NOME_SEM_EQUIVALENCIA_DE_CONTEUDO — não excluir
infeccao_sitio_cirurgico_avaliacao_risco_lesao_posicionamento_cirurgico_escala_elpo__artigo__rlae__2016__v1.pdf,infeccao_sitio_cirurgico_avaliacao_risco_lesao_posicionamento_cirurgico_escala_elpo__artigo__rlae__2016__v1,1jqsGK86i2AcDj9ATPyU13kcsRLkmCNJn,29,43,1093,1087,1087,0.9945,IDENTIDADE_PROVAVEL — confirmar backup e origem antes de excluir
nomenclatura_cirurgica__intervencoes_fundamentais_em_cirurgia__artigo__j_surg_cl_res__2018__v1.pdf,nomenclatura_cirurgica__intervencoes_fundamentais_em_cirurgia__artigo__j_surg_cl_res__2018__v1,1Dfa11eSLLIDE5S6eZPY8_qP3fG7WZQTx,29,45,1556,1536,1513,0.9582,IDENTIDADE_PROVAVEL — confirmar backup e origem antes de excluir
nutricao__recomendacoes_nutricao_oral_entral_parenteral_balanco_hidrico__guia__braspen__2021__v1.pdf,nutricao__recomendacoes_nutricao_oral_entral_parenteral_balanco_hidrico__guia__braspen__2021__v1,1sZ-qNwzDCdhcj1osXoe3SQx-B6Nmikf9,271,398,7803,7860,7781,0.9872,IDENTIDADE_PROVAVEL — confirmar backup e origem antes de excluir
seguranca_cirurgica__boas_praticas_seguranca_paciente_recomendacao_para_enfermeiros__artigo__reben__2018__v1.pdf,seguranca_cirurgica__boas_praticas_seguranca_paciente_recomendacao_para_enfermeiros__artigo__reben__2018__v1,1nAnS9Lgf5Ywwv43xtoq369StrZQaTTIU,39,55,1635,1635,1634,0.9988,IDENTIDADE_PROVAVEL — confirmar backup e origem antes de excluir
seguranca_cirurgica__cirurgia_segura__manual__oms__2009__v2.pdf,seguranca_cirurgica__cirurgia_segura__manual__oms__2009__v2,1AgmiMWrMdEsKTJuyY89oN3ldd6w__Pbg,454,696,9007,8945,8857,0.9738,IDENTIDADE_PROVAVEL — confirmar backup e origem antes de excluir
seguranca_cirurgica__fatores_adesao_lista_verificacao_seguranca_cirurgica__artigo__sobecc__2021__v1.pdf,seguranca_cirurgica__fatores_adesao_lista_verificacao_seguranca_cirurgica__artigo__sobecc__2021__v1,1a42jr8rEqtm-Z_4JJcUAQ1iXayt-nQrT,29,42,1333,1332,1325,0.9888,IDENTIDADE_PROVAVEL — confirmar backup e origem antes de excluir
seguranca_cirurgica__praticas_prevencao_retencao_nao_intencional_objetos_apos_cirurgia__nota_tecnica__anvisa__2017__v1.pdf,seguranca_cirurgica__praticas_prevencao_retencao_nao_intencional_objetos_apos_cirurgia__nota_tecnica__anvisa__2017__v1,1Zr2cWKl5SsHDYTNdiRLLHNFLI0JM2O7v,37,60,1248,1221,1197,0.9410,IDENTIDADE_PROVAVEL — confirmar backup e origem antes de excluir
seguranca_cirurgica__protocolo_cirurgia_segura__protocolo__ministerio_saude_anvisa_fiocruz__2013__v1.pdf,seguranca_cirurgica__protocolo_cirurgia_segura__protocolo__ministerio_saude_anvisa_fiocruz__2013__v1,1JQkYmjfUSx_Nhhh-z2PxKs_RG5s_8p2z,17,28,845,835,821,0.9558,IDENTIDADE_PROVAVEL — confirmar backup e origem antes de excluir
seguranca_cirurgica__seguranca_paciente_vigilancia_sanitaria__artigo__revista_visa_em_debate__2014__v1.pdf,seguranca_cirurgica__seguranca_paciente_vigilancia_sanitaria__artigo__revista_visa_em_debate__2014__v1,1tlLGjy3H7HybRDJfw7UqUxbmA2SrcVdQ,40,59,1842,1878,1831,0.9693,IDENTIDADE_PROVAVEL — confirmar backup e origem antes de excluir
sutura__implicacoes_politicas_tecnicas_socioculturais_da_sutura_simples__resumo_simposio__unirio__2023__v1.pdf,sutura__implicacoes_politicas_tecnicas_socioculturais_da_sutura_simples__resumo_simposio__unirio__2023__v1,1x6ItDqToXxEVWogytRPZIMvj0k9s_eT3,11,15,578,577,577,0.9983,IDENTIDADE_PROVAVEL — confirmar backup e origem antes de excluir
teleconsulta__experiencia_profissionais_saúde__artigo__revista_escola_de_enfermagem_da_usp__2023__v1.pdf,teleconsulta__experiencia_profissionais_saúde__artigo__revista_escola_de_enfermagem_da_usp__2023__v1,1DlFt-yq4yEtwCfTbQ1tbesx4SBIaFFMt,38,56,1810,1785,1784,0.9851,IDENTIDADE_PROVAVEL — confirmar backup e origem antes de excluir
teleconsulta__resolucao_cofen_telenfermagem__regulamento__cofen__2022__v1.pdf,teleconsulta__resolucao_cofen_telenfermagem__regulamento__cofen__2022__v1,1JVN_nsRJnsqjoo8DuKWaPVEHZF0QAeyr,19,25,717,677,640,0.8488,VERSAO_RELACIONADA — manter ambas até validação documental
teleconsulta__teleconsulta_enfermagem_paciente_cirurgia_geral__artigo__global_academic_nursing_journal__2022__v1.pdf,teleconsulta__teleconsulta_enfermagem_paciente_cirurgia_geral__artigo__global_academic_nursing_journal__2022__v1,12E3zeZALF2fXu7Axkq-bPbqqGi8PpkLa,30,43,1489,1455,1433,0.9484,IDENTIDADE_PROVAVEL — confirmar backup e origem antes de excluir
