source,normalized_source,classification,decision,total_chunks,searchable_chunks,legacy_quarantined_chunks,staging_chunks,drive_file_ids,drive_paths,live_drive_file_ids,missing_from_live_drive_ids,manifest_missing_ids,manifest_without_live_drive_ids,manifest_states,job_states,same_normalized_name_peers,exact_chunk_hash_overlap,exact_chunk_overlap_ratio,legacy_fingerprint_sha256,managed_fingerprint_sha256
(Drive sem vetores) biblioteca__praticas_recomendadas__livro__sobecc__2013__v6,drive_sem_vetores_biblioteca_praticas_recomendadas_livro_sobecc_2013_v6,PENDENTE_DE_CONFIRMAÇÃO,"Arquivo existe no Drive, mas não possui vetores; reconciliar fila e worker.",0,0,0,0,1YUfjf2WG5FonQaOImCsAY6aHSuyK7XNL,ROOT/enfermagem_perioperatoria/biblioteca/biblioteca__praticas_recomendadas__livro__sobecc__2013__v6,1YUfjf2WG5FonQaOImCsAY6aHSuyK7XNL,,,,active,new:succeeded,,0,0.0000,,
(Drive sem vetores) biblioteca__tratado_enfermagem_medico_cirurgico__livro__brunner_suddarth__2011__v2.pdf,drive_sem_vetores_biblioteca_tratado_enfermagem_medico_cirurgico_livro_brunner_suddarth_2011_v2,PENDENTE_DE_CONFIRMAÇÃO,"Arquivo existe no Drive, mas não possui vetores; reconciliar fila e worker.",0,0,0,0,1rsAmg3UK8m_2fP4STqoiB_Zhyktnlw-W,ROOT/enfermagem_perioperatoria/biblioteca/biblioteca__tratado_enfermagem_medico_cirurgico__livro__brunner_suddarth__2011__v2.pdf,1rsAmg3UK8m_2fP4STqoiB_Zhyktnlw-W,,,,error,changed:queued,,0,0.0000,,
(Drive sem vetores) ferida__consenso_deiscencia__guia__wounds_international__2018__v1,drive_sem_vetores_ferida_consenso_deiscencia_guia_wounds_international_2018_v1,PENDENTE_DE_CONFIRMAÇÃO,"Arquivo existe no Drive, mas não possui vetores; reconciliar fila e worker.",0,0,0,0,1gu0sH0qoUa1kVbqtv0-Zz33OC4vvSEYD,ROOT/enfermagem_perioperatoria/ferida/ferida__consenso_deiscencia__guia__wounds_international__2018__v1,1gu0sH0qoUa1kVbqtv0-Zz33OC4vvSEYD,,,,active,new:succeeded,,0,0.0000,,
(Drive sem vetores) ferida__consenso_ferida_cirurgica__guia__wounds_international__2022__v1,drive_sem_vetores_ferida_consenso_ferida_cirurgica_guia_wounds_international_2022_v1,PENDENTE_DE_CONFIRMAÇÃO,"Arquivo existe no Drive, mas não possui vetores; reconciliar fila e worker.",0,0,0,0,1QIm6St6nnOIf7JXFwoXCy6-InqKhF2WI,ROOT/enfermagem_perioperatoria/ferida/ferida__consenso_ferida_cirurgica__guia__wounds_international__2022__v1,1QIm6St6nnOIf7JXFwoXCy6-InqKhF2WI,,,,active,new:succeeded,,0,0.0000,,
(Drive sem vetores) Manual Técnico - Tutor de Enfermagem.pdf,drive_sem_vetores_manual_tecnico_tutor_de_enfermagem,PENDENTE_DE_CONFIRMAÇÃO,"Arquivo existe no Drive, mas não possui vetores; reconciliar fila e worker.",0,0,0,0,1IEpBXcCPCvgrivRH57lEmK_0i_7Jr-Tf,ROOT/Manual Técnico - Tutor de Enfermagem.pdf,1IEpBXcCPCvgrivRH57lEmK_0i_7Jr-Tf,,,,active,,,0,0.0000,,
(Drive sem vetores) nutricao__nutrition_assessment__livro__nancy_munoz_melissa_bernstein__2019__v1.pdf,drive_sem_vetores_nutricao_nutrition_assessment_livro_nancy_munoz_melissa_bernstein_2019_v1,PENDENTE_DE_CONFIRMAÇÃO,"Arquivo existe no Drive, mas não possui vetores; reconciliar fila e worker.",0,0,0,0,1hPPWPIJJ6zc-C0Tnihf6fpVwlE13HaoL,ROOT/enfermagem_perioperatoria/nutricao/nutricao__nutrition_assessment__livro__nancy_munoz_melissa_bernstein__2019__v1.pdf,1hPPWPIJJ6zc-C0Tnihf6fpVwlE13HaoL,,1hPPWPIJJ6zc-C0Tnihf6fpVwlE13HaoL,,,new:queued,,0,0.0000,,
administrativo__plano_ensino_INT55224__plano__ufsc__2026_2.pdf,administrativo_plano_ensino_int55224_plano_ufsc_2026_2,ATIVO,Manter pesquisável; validar inventário e conteúdo.,64,64,0,0,1if-C_IzjQFeg3nPTTcXNWJKT8YooUHIR,ROOT/enfermagem_perioperatoria/administrativo/administrativo__plano_ensino_INT55224__plano__ufsc__2026_2.pdf,1if-C_IzjQFeg3nPTTcXNWJKT8YooUHIR,,,,active,,,0,0.0000,,720299e05280772680cb90b47449d8f7190785b9ffccfb21fe4a8d502355be7e
anestesia - sensações referidas pelo paciente apos anestesia regional.pdf,anestesia_sensacoes_referidas_pelo_paciente_apos_anestesia_regional,ATIVO,Manter pesquisável; validar inventário e conteúdo.,29,29,0,0,16j4EkVAvJLsAr-Fd0CzC6kbgYf9m1_Bx,ROOT/enfermagem_perioperatoria/anestesia/anestesia - sensações referidas pelo paciente apos anestesia regional.pdf,16j4EkVAvJLsAr-Fd0CzC6kbgYf9m1_Bx,,,,active,,,0,0.0000,,a1297bfafb9e723f8d3abdfceefa3cb3d67abb1e615536f20cfcfeba8fd71eec
anestesia__anestesia_geral_preditiva_dor_pos_operatoria__artigo__brjp__2020__v1.pdf,anestesia_anestesia_geral_preditiva_dor_pos_operatoria_artigo_brjp_2020_v1,ATIVO,Manter pesquisável; validar inventário e conteúdo.,40,40,0,0,1qm9DPpaum7YUlIiYiD8cjibHvnHSHvY6,ROOT/enfermagem_perioperatoria/anestesia/anestesia__anestesia_geral_preditiva_dor_pos_operatoria__artigo__brjp__2020__v1.pdf,1qm9DPpaum7YUlIiYiD8cjibHvnHSHvY6,,,,active,,,0,0.0000,,9e02649769dd6e5b51979dcce2c105470347f066e5b4cdac3491bb97493806c9
anestesia__assistencia_enfermagem_paciente_oncologico__artigo__reserach_society_development__2021__v1.pdf,anestesia_assistencia_enfermagem_paciente_oncologico_artigo_reserach_society_development_2021_v1,ATIVO,Manter pesquisável; validar inventário e conteúdo.,68,68,0,0,14JMPrRcdyR0xl1N90XQ5tOLfARHnmgOW,ROOT/enfermagem_perioperatoria/anestesia/anestesia__assistencia_enfermagem_paciente_oncologico__artigo__reserach_society_development__2021__v1.pdf,14JMPrRcdyR0xl1N90XQ5tOLfARHnmgOW,,,,active,,,0,0.0000,,69fa07b3d0abab3b9a81417ad7dd5a61528f795b71440989b08bf574c49e5cec
anestesia__classificacao_tipos__capitulo_livro__sobecc__2017__v7,anestesia_classificacao_tipos_capitulo_livro_sobecc_2017_v7,ATIVO,Manter pesquisável; validar inventário e conteúdo.,91,91,0,0,1gBvFE2DRjXYHLP-Qspksx7t3GiBEfyjI,ROOT/enfermagem_perioperatoria/anestesia/anestesia__classificacao_tipos__capitulo_livro__sobecc__2017__v7,1gBvFE2DRjXYHLP-Qspksx7t3GiBEfyjI,,,,active,,anestesia__classificacao_tipos__capitulo_livro__sobecc__2017__v7.pdf,0,0.0000,,d4818cb8b75c36f841f75107b4c0e42f56bd16c878bd2c58adff67a1d727e255
anestesia__classificacao_tipos__capitulo_livro__sobecc__2017__v7.pdf,anestesia_classificacao_tipos_capitulo_livro_sobecc_2017_v7,PENDENTE_DE_CONFIRMAÇÃO,Possível duplicata por nome normalizado; comparar conteúdo com os pares antes de excluir.,58,0,58,0,,,,,,,,,anestesia__classificacao_tipos__capitulo_livro__sobecc__2017__v7,0,0.0000,e9426b3c575cfd6a4c1b59175af129ad735e20ebde009444f54ae3c44586eaa2,
anestesia__complicacoes_sala_recuperacao_pos_anestesica__artigo__sobecc__2018__v1.pdf,anestesia_complicacoes_sala_recuperacao_pos_anestesica_artigo_sobecc_2018_v1,ATIVO,Manter pesquisável; validar inventário e conteúdo.,49,49,0,0,1nibYV0oDN8fWL_sVezweYwDXVQ4-7J-p,ROOT/enfermagem_perioperatoria/anestesia/anestesia__complicacoes_sala_recuperacao_pos_anestesica__artigo__sobecc__2018__v1.pdf,1nibYV0oDN8fWL_sVezweYwDXVQ4-7J-p,,,,active,,,0,0.0000,,a9a4c19d96d0983d6c4c064a2a945d39b090f769fff7d5ca9b032532cc732995
anestesia__papel_enfermagem_perioperatória_anestesia__artigo__revista_escola_de_enfermagem_da_usp__2021__v1.pdf,anestesia_papel_enfermagem_perioperatoria_anestesia_artigo_revista_escola_de_enfermagem_da_usp_2021_v1,ATIVO,Manter pesquisável; validar inventário e conteúdo.,47,47,0,0,1nS-uUqHc6djf4-sf_oCg89yeyX7U1Vqh,ROOT/enfermagem_perioperatoria/anestesia/anestesia__papel_enfermagem_perioperatória_anestesia__artigo__revista_escola_de_enfermagem_da_usp__2021__v1.pdf,1nS-uUqHc6djf4-sf_oCg89yeyX7U1Vqh,,,,active,,,0,0.0000,,106098709662cde9f4dced4512873b9a788c6aef9325a9e2280fdfacb91e02a5
anestesia__protocolo_assistencial_anestesia__artigo__relae__2017__v1,anestesia_protocolo_assistencial_anestesia_artigo_relae_2017_v1,ATIVO,Manter pesquisável; validar inventário e conteúdo.,73,73,0,0,1lyRAPNXfNubucSWp6tbrE_fjNCFh3fTd,ROOT/enfermagem_perioperatoria/anestesia/anestesia__protocolo_assistencial_anestesia__artigo__relae__2017__v1,1lyRAPNXfNubucSWp6tbrE_fjNCFh3fTd,,,,active,,anestesia__protocolo_assistencial_anestesia__artigo__relae__2017__v1.pdf,0,0.0000,,b3e5c27384e84fe88f6580e81deba7d211e7cea19fceedd4129eb583b74a1f9f
anestesia__protocolo_assistencial_anestesia__artigo__relae__2017__v1.pdf,anestesia_protocolo_assistencial_anestesia_artigo_relae_2017_v1,PENDENTE_DE_CONFIRMAÇÃO,Possível duplicata por nome normalizado; comparar conteúdo com os pares antes de excluir.,96,0,96,0,,,,,,,,,anestesia__protocolo_assistencial_anestesia__artigo__relae__2017__v1,0,0.0000,ecbc379dcc999b51db2515e5fb622069f72400083c929e06e33f73ad0dba40e0,
anestesia__resumo_anestesia__resumo_aula__ufsc__nao_disponivel__v1,anestesia_resumo_anestesia_resumo_aula_ufsc_nao_disponivel_v1,ATIVO,Manter pesquisável; validar inventário e conteúdo.,12,12,0,0,1rPHkdjmqyCHJYZZBJuYbFpTkSXo1gItE,ROOT/enfermagem_perioperatoria/anestesia/anestesia__resumo_anestesia__resumo_aula__ufsc__nao_disponivel__v1,1rPHkdjmqyCHJYZZBJuYbFpTkSXo1gItE,,,,active,,anestesia__resumo_anestesia__resumo_aula__ufsc__nao_disponivel__v1.pdf,0,0.0000,,b2ed2b7cc79da72ec7e1800757e6001d54f6be52393bb0060d1e661eeef53f01
anestesia__resumo_anestesia__resumo_aula__ufsc__nao_disponivel__v1.pdf,anestesia_resumo_anestesia_resumo_aula_ufsc_nao_disponivel_v1,PENDENTE_DE_CONFIRMAÇÃO,Possível duplicata por nome normalizado; comparar conteúdo com os pares antes de excluir.,23,0,23,0,,,,,,,,,anestesia__resumo_anestesia__resumo_aula__ufsc__nao_disponivel__v1,0,0.0000,457ce9863bfb1e44cfe5a07764d6313b9d88b017daf45bed267cf96fbcba0b55,
biblioteca__cardiologia_pratica_clinica__livro__socerj__2012__v1.pdf,biblioteca_cardiologia_pratica_clinica_livro_socerj_2012_v1,ATIVO,Manter pesquisável; validar inventário e conteúdo.,4734,4734,0,0,1uLOguHlm-IuiJ7nqv-j7m1u7bKPTm3cx,ROOT/enfermagem_perioperatoria/biblioteca/biblioteca__cardiologia_pratica_clinica__livro__socerj__2012__v1.pdf,1uLOguHlm-IuiJ7nqv-j7m1u7bKPTm3cx,,,,active,,,0,0.0000,,e91bfe0718ac6c2693debba8df9a36ec6d6bb3438b5f12fd5b60680d16463545
biblioteca__clinica_cirurgica__resumo__medcel__sem_data__v1,biblioteca_clinica_cirurgica_resumo_medcel_sem_data_v1,ATIVO,Manter pesquisável; validar inventário e conteúdo.,780,780,0,0,1uC-_-TFRVx4pPW90wwfm0nS8CzkzdcMY,ROOT/enfermagem_perioperatoria/biblioteca/biblioteca__clinica_cirurgica__resumo__medcel__sem_data__v1,1uC-_-TFRVx4pPW90wwfm0nS8CzkzdcMY,,,,active,,biblioteca__clinica_cirurgica__resumo__medcel__sem_data__v1.pdf,0,0.0000,,eb683bb2524d006b011679e83ba8e09cc049b221d6fc699974edc44a25e82d8a
biblioteca__clinica_cirurgica__resumo__medcel__sem_data__v1.pdf,biblioteca_clinica_cirurgica_resumo_medcel_sem_data_v1,PENDENTE_DE_CONFIRMAÇÃO,Possível duplicata por nome normalizado; comparar conteúdo com os pares antes de excluir.,528,0,528,0,,,,,,,,,biblioteca__clinica_cirurgica__resumo__medcel__sem_data__v1,0,0.0000,782edfc6b6d55e484a73ad566d6fcfa934eaf7fd4038c33b266db4643a52899a,
biblioteca__cuidados_criticos_enfermagem__livro__patricia_morton_and_dorrie_fontaine__2011__v9.pdf,biblioteca_cuidados_criticos_enfermagem_livro_patricia_morton_and_dorrie_fontaine_2011_v9,PENDENTE_DE_CONFIRMAÇÃO,Aguardar conclusão atômica do job; staging não é pesquisável.,13443,0,11883,1560,19X545ckd-ZnfYbo73Tz2glTklUiDA9qd,ROOT/enfermagem_perioperatoria/biblioteca/biblioteca__cuidados_criticos_enfermagem__livro__patricia_morton_and_dorrie_fontaine__2011__v9.pdf,19X545ckd-ZnfYbo73Tz2glTklUiDA9qd,,,,error,changed:running,,0,0.0000,251ca842535aeb62b41d47c6fc08fb6f1b81050028e21398ded0ca9747679662,0381885c7211f26c2e52f3ddf42333cf2d273e93b3fe0963654935c69b7a440d
biblioteca__diagnosticos_enfermagem_definicoes_classificacao__livro__nanda__2023__v12,biblioteca_diagnosticos_enfermagem_definicoes_classificacao_livro_nanda_2023_v12,ATIVO,Manter pesquisável; validar inventário e conteúdo.,1195,1195,0,0,18vXR395kiMezxuA4TcaQQJUmwOUsq8Bb,ROOT/enfermagem_perioperatoria/biblioteca/biblioteca__diagnosticos_enfermagem_definicoes_classificacao__livro__nanda__2023__v12,18vXR395kiMezxuA4TcaQQJUmwOUsq8Bb,,,,active,new:succeeded,biblioteca__diagnosticos_enfermagem_definicoes_classificacao__livro__nanda__2023__v12.pdf,0,0.0000,,85321516971a24fe1b49837af447a58f3547435c86d3d1ccb8d1bf20f1d111e1
biblioteca__diagnosticos_enfermagem_definicoes_classificacao__livro__nanda__2023__v12.pdf,biblioteca_diagnosticos_enfermagem_definicoes_classificacao_livro_nanda_2023_v12,PENDENTE_DE_CONFIRMAÇÃO,Possível duplicata por nome normalizado; comparar conteúdo com os pares antes de excluir.,757,0,757,0,,,,,,,,,biblioteca__diagnosticos_enfermagem_definicoes_classificacao__livro__nanda__2023__v12,0,0.0000,1ef3101ee0e3e37bbad2baba072369dbf4f619d60d930d3a8af9da256abd8f0a,
biblioteca__dicionario_termos_medicos_enfermagem__livro__organizacao_deocleciano_torrieri_guimaraes__2002__v1,biblioteca_dicionario_termos_medicos_enfermagem_livro_organizacao_deocleciano_torrieri_guimaraes_2002_v1,ATIVO,Manter pesquisável; validar inventário e conteúdo.,1341,1341,0,0,15cHzlZGfKjdm_Ml92ZMUUPQBSK-VoCzX,ROOT/enfermagem_perioperatoria/biblioteca/biblioteca__dicionario_termos_medicos_enfermagem__livro__organizacao_deocleciano_torrieri_guimaraes__2002__v1,15cHzlZGfKjdm_Ml92ZMUUPQBSK-VoCzX,,,,active,new:succeeded,biblioteca__dicionario_termos_medicos_enfermagem__livro__organizacao_deocleciano_torrieri_guimaraes__2002__v1.pdf,0,0.0000,,b34c8893b0daab18e9cafec0845beec13b7a5ce97884b6e8593b8667cc8398b8
biblioteca__dicionario_termos_medicos_enfermagem__livro__organizacao_deocleciano_torrieri_guimaraes__2002__v1.pdf,biblioteca_dicionario_termos_medicos_enfermagem_livro_organizacao_deocleciano_torrieri_guimaraes_2002_v1,PENDENTE_DE_CONFIRMAÇÃO,Possível duplicata por nome normalizado; comparar conteúdo com os pares antes de excluir.,836,0,836,0,,,,,,,,,biblioteca__dicionario_termos_medicos_enfermagem__livro__organizacao_deocleciano_torrieri_guimaraes__2002__v1,0,0.0000,709ca95b23f45a920191f3783a4043978aa2514e1e15a1d0f5c00a1f6fd28659,
biblioteca__enfermagem_cardiologia__livro__sbibae__2012__v1.pdf,biblioteca_enfermagem_cardiologia_livro_sbibae_2012_v1,DUPLICADO,Manter somente a versão rastreável; legado segue em quarentena até backup físico.,1204,898,306,0,1yqwQggFm8jU0UjF-FqHRp9ga3TKYfxhc,ROOT/enfermagem_perioperatoria/biblioteca/biblioteca__enfermagem_cardiologia__livro__sbibae__2012__v1.pdf,1yqwQggFm8jU0UjF-FqHRp9ga3TKYfxhc,,,,active,new:succeeded,,0,0.0000,9a02f796ac1b2cf8cbf40d198faca0887b8a6ff3dc699c4416d3dc976637f710,f948faef0d282a3f92421fc4e96476cb9d5224ef50777a6049e892b2176b5091
biblioteca__enfermagem_centro_cirurgico__livro__milena_de_olivieira_sampaio__2018__v1.pdf,biblioteca_enfermagem_centro_cirurgico_livro_milena_de_olivieira_sampaio_2018_v1,ATIVO,Manter pesquisável; validar inventário e conteúdo.,493,493,0,0,1Mh_V8u_FP1r92gRcRHiR8P9DHC4rHGQy,ROOT/enfermagem_perioperatoria/biblioteca/biblioteca__enfermagem_centro_cirurgico__livro__milena_de_olivieira_sampaio__2018__v1.pdf,1Mh_V8u_FP1r92gRcRHiR8P9DHC4rHGQy,,,,active,new:succeeded,,0,0.0000,,811735e47c836f574ac329bbde7e605ea948298871dc480c4ac47dca8bef8677
biblioteca__exame_fisico_enfermagem__guia__elsevier__2012__v6,biblioteca_exame_fisico_enfermagem_guia_elsevier_2012_v6,ATIVO,Manter pesquisável; validar inventário e conteúdo.,121,121,0,0,1qdnqA_uxbTzakZ1sv3nSpObmOGMH_PF3,ROOT/enfermagem_perioperatoria/biblioteca/biblioteca__exame_fisico_enfermagem__guia__elsevier__2012__v6,1qdnqA_uxbTzakZ1sv3nSpObmOGMH_PF3,,,,active,new:succeeded,biblioteca__exame_fisico_enfermagem__guia__elsevier__2012__v6.pdf,0,0.0000,,0fdcac714248f1605c4df21bb487a46a1da74e3494e2c9a45539308dbfb1a7f0
biblioteca__exame_fisico_enfermagem__guia__elsevier__2012__v6.pdf,biblioteca_exame_fisico_enfermagem_guia_elsevier_2012_v6,PENDENTE_DE_CONFIRMAÇÃO,Possível duplicata por nome normalizado; comparar conteúdo com os pares antes de excluir.,75,0,75,0,,,,,,,,,biblioteca__exame_fisico_enfermagem__guia__elsevier__2012__v6,0,0.0000,5ad4e89f226345f9e4a7e4f398e986e943843a787d135b8d632f26c5a504c743,
biblioteca__tratado_enfermagem_medico_cirurgico__livro__brunner_suddarth__2011__v2.pdf,biblioteca_tratado_enfermagem_medico_cirurgico_livro_brunner_suddarth_2011_v2,PENDENTE_DE_CONFIRMAÇÃO,Legado sem identidade do Drive; permanece em quarentena.,10552,0,10552,0,,,,,,,,,,0,0.0000,fc5d3173fc0836a3d6af2a7f7a84d587ee16f36bfc35e61285f5b10f92588721,
biblioteca__ventilacao_mecanica__diretriz__amib__2013__v1.pdf,biblioteca_ventilacao_mecanica_diretriz_amib_2013_v1,ATIVO,Manter pesquisável; validar inventário e conteúdo.,391,391,0,0,1LlsbycBZNCPGzO4vAndxTBUKLVLsiZa7,ROOT/enfermagem_perioperatoria/biblioteca/biblioteca__ventilacao_mecanica__diretriz__amib__2013__v1.pdf,1LlsbycBZNCPGzO4vAndxTBUKLVLsiZa7,,,,active,new:succeeded,,0,0.0000,,9d2aedb4db740cb605745552c08da9c431ebb84a6538f58828d8ff5eef540ad3
capacitacao_hospital__capacitacao_introdutoria_hospital__apresentacao__hospital_celso_ramos.pdf,capacitacao_hospital_capacitacao_introdutoria_hospital_apresentacao_hospital_celso_ramos,PENDENTE_DE_CONFIRMAÇÃO,Legado sem identidade do Drive; permanece em quarentena.,11,0,11,0,,,,,,,,,,0,0.0000,56791de6b1eb7e337f8dd651783085d7d5addc996c4d05ea094befea33e09bbe,
capacitacao_hospital__cirurgia_segura__protocolo__hospital_celso_ramos__2025__v3.pdf,capacitacao_hospital_cirurgia_segura_protocolo_hospital_celso_ramos_2025_v3,PENDENTE_DE_CONFIRMAÇÃO,Legado sem identidade do Drive; permanece em quarentena.,28,0,28,0,,,,,,,,,,0,0.0000,96864aba09c9d9fc3c600fe95c91cd2e531d45817e7bbb510a870a39719960a0,
capacitacao_hospital__comunicacao_efetiva__cartilha__hospital_celso_ramos__2025__v2.pdf,capacitacao_hospital_comunicacao_efetiva_cartilha_hospital_celso_ramos_2025_v2,PENDENTE_DE_CONFIRMAÇÃO,Legado sem identidade do Drive; permanece em quarentena.,11,0,11,0,,,,,,,,,,0,0.0000,7b7a0df8f8a396085667d23d69272be8572c70acff42f16060a67e2b3c30a497,
capacitacao_hospital__fluxo_acidente_material_biologico__cartilha.pdf,capacitacao_hospital_fluxo_acidente_material_biologico_cartilha,PENDENTE_DE_CONFIRMAÇÃO,Legado sem identidade do Drive; permanece em quarentena.,1,0,1,0,,,,,,,,,,0,0.0000,24d7950deee05271a2cf3ce0c2c7876efc5adb9deacee302b7825b508751a451,
capacitacao_hospital__higienizacao_maos__cartilha__hospital_celso_ramos__2025__v6.pdf,capacitacao_hospital_higienizacao_maos_cartilha_hospital_celso_ramos_2025_v6,PENDENTE_DE_CONFIRMAÇÃO,Legado sem identidade do Drive; permanece em quarentena.,10,0,10,0,,,,,,,,,,0,0.0000,3d89db2b2fbe67cb928a08248310c28545f30fbb1231578a341e3c5f468ed8c3,
capacitacao_hospital__paramentacao_desparamentacao_cirurgica__protocolo__hospital_celso_ramos__2022__v1.pdf,capacitacao_hospital_paramentacao_desparamentacao_cirurgica_protocolo_hospital_celso_ramos_2022_v1,PENDENTE_DE_CONFIRMAÇÃO,Legado sem identidade do Drive; permanece em quarentena.,10,0,10,0,,,,,,,,,,0,0.0000,ee392884259281c4c58d0e4c8b682d1628bec0daacaac58f0980b3377bb7de46,
capacitacao_hospital__precaucao_contato__protocolo__hospital_celso_ramos__2023__v3.pdf,capacitacao_hospital_precaucao_contato_protocolo_hospital_celso_ramos_2023_v3,PENDENTE_DE_CONFIRMAÇÃO,Legado sem identidade do Drive; permanece em quarentena.,8,0,8,0,,,,,,,,,,0,0.0000,d48ffbbc3f9b23f54cbaf1fffedbe163969bc6ea9d67deae0cf053cbadd211e4,
capacitacao_hospital__precaucao_goticula__protocolo__hospital_celso_ramos__2023__v3.pdf,capacitacao_hospital_precaucao_goticula_protocolo_hospital_celso_ramos_2023_v3,PENDENTE_DE_CONFIRMAÇÃO,Legado sem identidade do Drive; permanece em quarentena.,5,0,5,0,,,,,,,,,,0,0.0000,9d420d3aeb42e2f7cb6957f34c3fc31cda2d7130922e0402ee9edde09d7f0fd4,
capacitacao_hospital__reacoes_transfusionais__protocolo__hospital_celso_ramos__2023__v1.pdf,capacitacao_hospital_reacoes_transfusionais_protocolo_hospital_celso_ramos_2023_v1,PENDENTE_DE_CONFIRMAÇÃO,Legado sem identidade do Drive; permanece em quarentena.,21,0,21,0,,,,,,,,,,0,0.0000,62e4c44eaa8f278d1799cbfb28d02fc8d28de07cae315308af41b28002fa44fd,
capacitacao_hospital__seguranca_administracao_medicamentos__protocolo__hospital_celso_ramos__2022__v1.pdf,capacitacao_hospital_seguranca_administracao_medicamentos_protocolo_hospital_celso_ramos_2022_v1,PENDENTE_DE_CONFIRMAÇÃO,Legado sem identidade do Drive; permanece em quarentena.,7,0,7,0,,,,,,,,,,0,0.0000,c8484eceece3ebe320184e68de38c51277d037672b0085ea1c6767a8d03ff266,
capacitacao_hospital__seguranca_prescricao_uso_administracao_medicamentos__protocolo__hospital_celso_ramos__2025__v1.pdf,capacitacao_hospital_seguranca_prescricao_uso_administracao_medicamentos_protocolo_hospital_celso_ramos_2025_v1,PENDENTE_DE_CONFIRMAÇÃO,Legado sem identidade do Drive; permanece em quarentena.,33,0,33,0,,,,,,,,,,0,0.0000,089fff0cc9f0b6380b7764d8dd266b37b17c9e34cec04849a3c3c9fc546ee74e,
capacitacao_hospital__uso_adorno_zero__protocolo__hospital_celso_ramos__2023__v1.pdf,capacitacao_hospital_uso_adorno_zero_protocolo_hospital_celso_ramos_2023_v1,PENDENTE_DE_CONFIRMAÇÃO,Legado sem identidade do Drive; permanece em quarentena.,6,0,6,0,,,,,,,,,,0,0.0000,2add30dc7d718f79bc1197d4b7d4d6e6b4b1dca26cac3346908f210e6ddd13e3,
capacitacao_hospital_acidente_trabalho_material_biologico__protocolo__hospital_celso_ramos__2024__v4.pdf,capacitacao_hospital_acidente_trabalho_material_biologico_protocolo_hospital_celso_ramos_2024_v4,PENDENTE_DE_CONFIRMAÇÃO,Legado sem identidade do Drive; permanece em quarentena.,16,0,16,0,,,,,,,,,,0,0.0000,a52f416949714cb2abecf21989a4214865c576db5c2cc05152e94e014fd3287c,
cirurgia_bariatrica__10_dicas_nutricao__guia__abeso__2020__v3.pdf,cirurgia_bariatrica_10_dicas_nutricao_guia_abeso_2020_v3,ATIVO,Manter pesquisável; validar inventário e conteúdo.,19,19,0,0,1U34n6mhBI7TKPrrOJH77dErEq4MyOXTR,ROOT/enfermagem_perioperatoria/cirurgia_bariatrica/cirurgia_bariatrica__10_dicas_nutricao__guia__abeso__2020__v3.pdf,1U34n6mhBI7TKPrrOJH77dErEq4MyOXTR,,,,active,new:succeeded,,0,0.0000,,f3292277afe9a89f26787aaf8a97245d66a4a47cac7c3a56f5a31fe0fd902da9
cirurgia_bariatrica__avanco_tecnicas_cirurgias_bariatricas__article__rsd__2023_v1.pdf,cirurgia_bariatrica_avanco_tecnicas_cirurgias_bariatricas_article_rsd_2023_v1,ATIVO,Manter pesquisável; validar inventário e conteúdo.,54,54,0,0,1P43NFM7XoK2UXMhagEztOGYD8_r9OKZM,ROOT/enfermagem_perioperatoria/cirurgia_bariatrica/cirurgia_bariatrica__avanco_tecnicas_cirurgias_bariatricas__article__rsd__2023_v1.pdf,1P43NFM7XoK2UXMhagEztOGYD8_r9OKZM,,,,active,new:succeeded,,0,0.0000,,0d1be98bd04fd5e2a3765016c738d7e931e593a9855ffdf321748dee4a5acebd
cirurgia_bariatrica__cirurgia_bariatrica_indicacoes_tecnicas__artigo__bjihs__2024__v1.pdf,cirurgia_bariatrica_cirurgia_bariatrica_indicacoes_tecnicas_artigo_bjihs_2024_v1,ATIVO,Manter pesquisável; validar inventário e conteúdo.,40,40,0,0,1I5nkO-d9qMt_s1r3x4cPCJt29IgkIhtl,ROOT/enfermagem_perioperatoria/cirurgia_bariatrica/cirurgia_bariatrica__cirurgia_bariatrica_indicacoes_tecnicas__artigo__bjihs__2024__v1.pdf,1I5nkO-d9qMt_s1r3x4cPCJt29IgkIhtl,,,,active,new:succeeded,,0,0.0000,,da35f8adcb5507620b71775dd4fa004673c88aa65db21d0044a5591fe60b58ae
cirurgia_bariatrica__cirurgia_bariatrica_metabolica__guia__abeso__2022__v1.pdf,cirurgia_bariatrica_cirurgia_bariatrica_metabolica_guia_abeso_2022_v1,ATIVO,Manter pesquisável; validar inventário e conteúdo.,35,35,0,0,1bAv0yjFJyAn6T--LXc3KCNFEsIt3wiTF,ROOT/enfermagem_perioperatoria/cirurgia_bariatrica/cirurgia_bariatrica__cirurgia_bariatrica_metabolica__guia__abeso__2022__v1.pdf,1bAv0yjFJyAn6T--LXc3KCNFEsIt3wiTF,,,,active,new:succeeded,,0,0.0000,,3695572cbbc02380691f7c4b8dc15c04fc27d5e1239fe38301814106b9ea6b77
cirurgia_bariatrica__cirurgia_bariatrica_revisao_bibliografica__artigo__bjhr__2023__v1.pdf,cirurgia_bariatrica_cirurgia_bariatrica_revisao_bibliografica_artigo_bjhr_2023_v1,ATIVO,Manter pesquisável; validar inventário e conteúdo.,23,23,0,0,1daAAVEUbXVkW77c7qhpW1jJx0MuWsMNj,ROOT/enfermagem_perioperatoria/cirurgia_bariatrica/cirurgia_bariatrica__cirurgia_bariatrica_revisao_bibliografica__artigo__bjhr__2023__v1.pdf,1daAAVEUbXVkW77c7qhpW1jJx0MuWsMNj,,,,active,new:succeeded,,0,0.0000,,cf3ee4a8709d78ab2004d08ce28bc786dc50dd0f36c3675815eaaa5c27e43e57
cirurgia_bariatrica__comparacao_tecnica_restritivas_malabsortivas_obesidade_morbida__artigo__rease__2024_v1.pdf,cirurgia_bariatrica_comparacao_tecnica_restritivas_malabsortivas_obesidade_morbida_artigo_rease_2024_v1,ATIVO,Manter pesquisável; validar inventário e conteúdo.,29,29,0,0,133kL-UwvYfUO3tFNwnfryDUY_RmpK5gH,ROOT/enfermagem_perioperatoria/cirurgia_bariatrica/cirurgia_bariatrica__comparacao_tecnica_restritivas_malabsortivas_obesidade_morbida__artigo__rease__2024_v1.pdf,133kL-UwvYfUO3tFNwnfryDUY_RmpK5gH,,,,active,new:succeeded,,0,0.0000,,353b16cc7bb67c2aaa04a90d2d83d6404fbbafd3718b2ed80356694283dd875a
cirurgia_bariatrica__enfermeiro_assistencia_operatoria_cirurgia_bariatrica__artigo__rjrgea__2025__v1.pdf,cirurgia_bariatrica_enfermeiro_assistencia_operatoria_cirurgia_bariatrica_artigo_rjrgea_2025_v1,ATIVO,Manter pesquisável; validar inventário e conteúdo.,44,44,0,0,1dm45OLuwp1TysqvkOfc60v7yAsFthCBX,ROOT/enfermagem_perioperatoria/cirurgia_bariatrica/cirurgia_bariatrica__enfermeiro_assistencia_operatoria_cirurgia_bariatrica__artigo__rjrgea__2025__v1.pdf,1dm45OLuwp1TysqvkOfc60v7yAsFthCBX,,,,active,new:succeeded,,0,0.0000,,6b7960418454d9cde5b07eca294389d21d6cd1e39bce06abef5efc6931577ca4
cirurgia_bariatrica__estrategias_cirurgicas_anestesicas_manejo_obesidade_morbida__artigo_jmbr__2025__v1.pdf,cirurgia_bariatrica_estrategias_cirurgicas_anestesicas_manejo_obesidade_morbida_artigo_jmbr_2025_v1,ATIVO,Manter pesquisável; validar inventário e conteúdo.,29,29,0,0,1asX74LMu-mPVLx0kJ9HqoX_R2LgPIctF,ROOT/enfermagem_perioperatoria/cirurgia_bariatrica/cirurgia_bariatrica__estrategias_cirurgicas_anestesicas_manejo_obesidade_morbida__artigo_jmbr__2025__v1.pdf,1asX74LMu-mPVLx0kJ9HqoX_R2LgPIctF,,,,active,new:succeeded,,0,0.0000,,a28bf4503e60f76099eea09cc63746706c99d565c2c6306399c2ef3aa4f1f573
cirurgia_bariatrica__fatores_de_risco_cirurgia_bariatrica__artigo__bjhr__2023__v1.pdf,cirurgia_bariatrica_fatores_de_risco_cirurgia_bariatrica_artigo_bjhr_2023_v1,ATIVO,Manter pesquisável; validar inventário e conteúdo.,26,26,0,0,1rZB8ydMuHYnWCe_r-NQEn5XT_Ynh3M6w,ROOT/enfermagem_perioperatoria/cirurgia_bariatrica/cirurgia_bariatrica__fatores_de_risco_cirurgia_bariatrica__artigo__bjhr__2023__v1.pdf,1rZB8ydMuHYnWCe_r-NQEn5XT_Ynh3M6w,,,,active,new:succeeded,,0,0.0000,,b77df84fce281dfbd75463a9497e0f8f83a18540b28b6e0200e3ad9cc5041af9
cirurgia_bariatrica__manejo_via_aerea_obeso__artigo__revmed__2023__v1.pdf,cirurgia_bariatrica_manejo_via_aerea_obeso_artigo_revmed_2023_v1,ATIVO,Manter pesquisável; validar inventário e conteúdo.,38,38,0,0,143CGBAnOovTJzVyaoxGVsz1ipFVRYbHo,ROOT/enfermagem_perioperatoria/cirurgia_bariatrica/cirurgia_bariatrica__manejo_via_aerea_obeso__artigo__revmed__2023__v1.pdf,143CGBAnOovTJzVyaoxGVsz1ipFVRYbHo,,,,active,new:succeeded,,0,0.0000,,ebf746f3aad05fc0cba74804efaceed609f22a84cb6190ee35250bb58b03211a
cirurgia_bariatrica__obesidade_cirurgia_ex_obesos_morbidos__artigo__saude_em_debate__2011__v1.pdf,cirurgia_bariatrica_obesidade_cirurgia_ex_obesos_morbidos_artigo_saude_em_debate_2011_v1,ATIVO,Manter pesquisável; validar inventário e conteúdo.,39,39,0,0,1Zs9Egj29vROqQ5Jc_drE6Jr5-0_ai4j6,ROOT/enfermagem_perioperatoria/cirurgia_bariatrica/cirurgia_bariatrica__obesidade_cirurgia_ex_obesos_morbidos__artigo__saude_em_debate__2011__v1.pdf,1Zs9Egj29vROqQ5Jc_drE6Jr5-0_ai4j6,,,,active,new:succeeded,,0,0.0000,,4f431f5b3ffbd16c90587121a55b3db2aebce1de2fe173a255393e81feadd284
cirurgia_bariatrica__obesidade_controlada__ebook__abeso_sbem__2023__v1.pdf,cirurgia_bariatrica_obesidade_controlada_ebook_abeso_sbem_2023_v1,ATIVO,Manter pesquisável; validar inventário e conteúdo.,33,33,0,0,1OhZNLuFYSKQFvrT7E2q8OSEkKd9YIByq,ROOT/enfermagem_perioperatoria/cirurgia_bariatrica/cirurgia_bariatrica__obesidade_controlada__ebook__abeso_sbem__2023__v1.pdf,1OhZNLuFYSKQFvrT7E2q8OSEkKd9YIByq,,,,active,new:succeeded,,0,0.0000,,a5a6fed7f46f50572dce84d834bfcf13a1518c032d363583987cd8abc6d3a262
cirurgia_bariatrica__perioperative_care__artigo__bjs__2020__v1.pdf,cirurgia_bariatrica_perioperative_care_artigo_bjs_2020_v1,ATIVO,Manter pesquisável; validar inventário e conteúdo.,101,101,0,0,1CIiqKR9iSXmJhaK_EiIc_zNjJCEBWEWB,ROOT/enfermagem_perioperatoria/cirurgia_bariatrica/cirurgia_bariatrica__perioperative_care__artigo__bjs__2020__v1.pdf,1CIiqKR9iSXmJhaK_EiIc_zNjJCEBWEWB,,,,active,new:succeeded,,0,0.0000,,7daacad3d4e0f0b6dae3548c0b75883ea88e5215b51eb01932b53b39f60bd80f
cirurgia_bariatrica__pos_operatorio_cirurgia_bariatrica__guia__abeso_sbcbm__2024__v1.pdf,cirurgia_bariatrica_pos_operatorio_cirurgia_bariatrica_guia_abeso_sbcbm_2024_v1,ATIVO,Manter pesquisável; validar inventário e conteúdo.,81,81,0,0,1YZBXloGp4a2-hYLNDvlzZe-RwqQ_82bG,ROOT/enfermagem_perioperatoria/cirurgia_bariatrica/cirurgia_bariatrica__pos_operatorio_cirurgia_bariatrica__guia__abeso_sbcbm__2024__v1.pdf,1YZBXloGp4a2-hYLNDvlzZe-RwqQ_82bG,,,,active,new:succeeded,,0,0.0000,,4d6abb85f784355c326821ce9b9e4fa529edd8c2f4b40fe88dfcce2a40d22fa7
cirurgia_bariatrica__tecnicas_resultados_cirurgia_tratamento_obesidade__artigo__bjihs__2023__v1.pdf,cirurgia_bariatrica_tecnicas_resultados_cirurgia_tratamento_obesidade_artigo_bjihs_2023_v1,ATIVO,Manter pesquisável; validar inventário e conteúdo.,41,41,0,0,10fr5jLhUgQBUgPEg_NfvH_oNCrqmwo_S,ROOT/enfermagem_perioperatoria/cirurgia_bariatrica/cirurgia_bariatrica__tecnicas_resultados_cirurgia_tratamento_obesidade__artigo__bjihs__2023__v1.pdf,10fr5jLhUgQBUgPEg_NfvH_oNCrqmwo_S,,,,active,new:succeeded,,0,0.0000,,97374d8d3ead551340952b56392d522f048d448c1e2094599b9b25069ed2696c
cirurgia_bariatrica__transtornos_alimentares__ebook__abeso__2023__v1.pdf,cirurgia_bariatrica_transtornos_alimentares_ebook_abeso_2023_v1,ATIVO,Manter pesquisável; validar inventário e conteúdo.,25,25,0,0,1oRkNX9x71DIl6EunfzmAPyGiXsbUUyW7,ROOT/enfermagem_perioperatoria/cirurgia_bariatrica/cirurgia_bariatrica__transtornos_alimentares__ebook__abeso__2023__v1.pdf,1oRkNX9x71DIl6EunfzmAPyGiXsbUUyW7,,,,active,new:succeeded,,0,0.0000,,4260f788dc59fce166ee06eebeb8b0e8442a99ba1c8a965e6ec3e2a1541e5a98
cuidados_pois__permeabilidade_vias_aereas_pos_operatorio__artigo__reben__2020__v1,cuidados_pois_permeabilidade_vias_aereas_pos_operatorio_artigo_reben_2020_v1,ATIVO,Manter pesquisável; validar inventário e conteúdo.,56,56,0,0,1vhBGYtuJbVsg2k8fh5x8ZFvL6SDC81fY,ROOT/enfermagem_perioperatoria/cuidados_pos/cuidados_pois__permeabilidade_vias_aereas_pos_operatorio__artigo__reben__2020__v1,1vhBGYtuJbVsg2k8fh5x8ZFvL6SDC81fY,,,,active,new:succeeded,cuidados_pois__permeabilidade_vias_aereas_pos_operatorio__artigo__reben__2020__v1.pdf,0,0.0000,,2a041ac77966147f8ac0d453ea262d78ab09beeda5a9eac2f46c494f03f0017b
cuidados_pois__permeabilidade_vias_aereas_pos_operatorio__artigo__reben__2020__v1.pdf,cuidados_pois_permeabilidade_vias_aereas_pos_operatorio_artigo_reben_2020_v1,PENDENTE_DE_CONFIRMAÇÃO,Possível duplicata por nome normalizado; comparar conteúdo com os pares antes de excluir.,38,0,38,0,,,,,,,,,cuidados_pois__permeabilidade_vias_aereas_pos_operatorio__artigo__reben__2020__v1,0,0.0000,f46c3d7a394ff4d32285046fa60dabb1f8480435fedf1458c7a191f35510db2c,
cuidados_pos__alta_hospitalar__aula__ufsc__nao_disponivel__v1,cuidados_pos_alta_hospitalar_aula_ufsc_nao_disponivel_v1,ATIVO,Manter pesquisável; validar inventário e conteúdo.,17,17,0,0,1RCyHau7fNnNhRka-atSPhppmAuW6JeRH,ROOT/enfermagem_perioperatoria/cuidados_pos/cuidados_pos__alta_hospitalar__aula__ufsc__nao_disponivel__v1,1RCyHau7fNnNhRka-atSPhppmAuW6JeRH,,,,active,new:succeeded,cuidados_pos__alta_hospitalar__aula__ufsc__nao_disponivel__v1.pdf,0,0.0000,,764a9d68774ec6a06bc8e8388cca3d8e7d320a934bbf55f2923d3fe1e5e65017
cuidados_pos__alta_hospitalar__aula__ufsc__nao_disponivel__v1.pdf,cuidados_pos_alta_hospitalar_aula_ufsc_nao_disponivel_v1,PENDENTE_DE_CONFIRMAÇÃO,Possível duplicata por nome normalizado; comparar conteúdo com os pares antes de excluir.,3,0,3,0,,,,,,,,,cuidados_pos__alta_hospitalar__aula__ufsc__nao_disponivel__v1,0,0.0000,4d043356ea012e15f404dad14ede20dc5736746064e0fefc794243967e5aa859,
cuidados_pos__atuacao_angiologia_cirurgica_vascular_pandemia_covid__artigo__rev_col_bras__2020__v1,cuidados_pos_atuacao_angiologia_cirurgica_vascular_pandemia_covid_artigo_rev_col_bras_2020_v1,ATIVO,Manter pesquisável; validar inventário e conteúdo.,44,44,0,0,1FCdYFq79-qL4t0wgmmrOmaOnU_p9vDwv,ROOT/enfermagem_perioperatoria/cuidados_pos/cuidados_pos__atuacao_angiologia_cirurgica_vascular_pandemia_covid__artigo__rev_col_bras__2020__v1,1FCdYFq79-qL4t0wgmmrOmaOnU_p9vDwv,,,,active,new:succeeded,cuidados_pos__atuacao_angiologia_cirurgica_vascular_pandemia_covid__artigo__rev_col_bras__2020__v1.pdf,0,0.0000,,a77c09a02283ba51ac378716f3fb720f36a67fe291a645cdf2c602045de5b3c9
cuidados_pos__atuacao_angiologia_cirurgica_vascular_pandemia_covid__artigo__rev_col_bras__2020__v1.pdf,cuidados_pos_atuacao_angiologia_cirurgica_vascular_pandemia_covid_artigo_rev_col_bras_2020_v1,PENDENTE_DE_CONFIRMAÇÃO,Possível duplicata por nome normalizado; comparar conteúdo com os pares antes de excluir.,30,0,30,0,,,,,,,,,cuidados_pos__atuacao_angiologia_cirurgica_vascular_pandemia_covid__artigo__rev_col_bras__2020__v1,0,0.0000,85f54b1b949e16ede50e370a20c80b3a74460f491e858e24a1786e31c24682ba,
cuidados_pos__aula_intercorrencias_poi__resumo_aula__ufsc__nao_disponivel__v1,cuidados_pos_aula_intercorrencias_poi_resumo_aula_ufsc_nao_disponivel_v1,ATIVO,Manter pesquisável; validar inventário e conteúdo.,6,6,0,0,1fK0AF3jec4OrQtIAROJPKMrdU8VWv89F,ROOT/enfermagem_perioperatoria/cuidados_pos/cuidados_pos__aula_intercorrencias_poi__resumo_aula__ufsc__nao_disponivel__v1,1fK0AF3jec4OrQtIAROJPKMrdU8VWv89F,,,,active,new:succeeded,cuidados_pos__aula_intercorrencias_poi__resumo_aula__ufsc__nao_disponivel__v1.pdf,0,0.0000,,7f93e82e851df39beded31e6ba15a803b5fc04023300f558121bf524ba22dbda
cuidados_pos__aula_intercorrencias_poi__resumo_aula__ufsc__nao_disponivel__v1.pdf,cuidados_pos_aula_intercorrencias_poi_resumo_aula_ufsc_nao_disponivel_v1,PENDENTE_DE_CONFIRMAÇÃO,Possível duplicata por nome normalizado; comparar conteúdo com os pares antes de excluir.,5,0,5,0,,,,,,,,,cuidados_pos__aula_intercorrencias_poi__resumo_aula__ufsc__nao_disponivel__v1,0,0.0000,1437d8a002b17c0397f23c8c8aa351358d27475099ef430270bb934c5e4446e9,
cuidados_pos__aula_pos_operatorio__aula__ufsc__nao_disponivel__v1,cuidados_pos_aula_pos_operatorio_aula_ufsc_nao_disponivel_v1,ATIVO,Manter pesquisável; validar inventário e conteúdo.,11,11,0,0,1GTAHERp-d3jlwo9iPV2fobEiYdm_NmkA,ROOT/enfermagem_perioperatoria/cuidados_pos/cuidados_pos__aula_pos_operatorio__aula__ufsc__nao_disponivel__v1,1GTAHERp-d3jlwo9iPV2fobEiYdm_NmkA,,,,active,new:succeeded,cuidados_pos__aula_pos_operatorio__aula__ufsc__nao_disponivel__v1.pdf,0,0.0000,,8c0911494a2e8bc800cae3f31b15dafc3263b2fe4dd9185855dd1fa50fb5a65a
cuidados_pos__aula_pos_operatorio__aula__ufsc__nao_disponivel__v1.pdf,cuidados_pos_aula_pos_operatorio_aula_ufsc_nao_disponivel_v1,PENDENTE_DE_CONFIRMAÇÃO,Possível duplicata por nome normalizado; comparar conteúdo com os pares antes de excluir.,6,0,6,0,,,,,,,,,cuidados_pos__aula_pos_operatorio__aula__ufsc__nao_disponivel__v1,0,0.0000,afb3685f8939d0d8b3b03a5c8a361a8be3fc7a5187e354ca3d4d90ecfad4b861,
cuidados_pos__complicacoes_pos_operatorio__artigo__reben__2020__v1,cuidados_pos_complicacoes_pos_operatorio_artigo_reben_2020_v1,ATIVO,Manter pesquisável; validar inventário e conteúdo.,50,50,0,0,1WZJNFwRSIvqsTzE3YlPo-kT9rBzfQKOO,ROOT/enfermagem_perioperatoria/cuidados_pos/cuidados_pos__complicacoes_pos_operatorio__artigo__reben__2020__v1,1WZJNFwRSIvqsTzE3YlPo-kT9rBzfQKOO,,,,active,new:succeeded,cuidados_pos__complicacoes_pos_operatorio__artigo__reben__2020__v1.pdf,0,0.0000,,90054f48f2a9fc978380dc9d912f6b79c2115e4b7fb25e1db3b0addfd335c1ba
cuidados_pos__complicacoes_pos_operatorio__artigo__reben__2020__v1.pdf,cuidados_pos_complicacoes_pos_operatorio_artigo_reben_2020_v1,PENDENTE_DE_CONFIRMAÇÃO,Possível duplicata por nome normalizado; comparar conteúdo com os pares antes de excluir.,34,0,34,0,,,,,,,,,cuidados_pos__complicacoes_pos_operatorio__artigo__reben__2020__v1,0,0.0000,a2d7a770bf314a4719fb21b71c4b86d3cb115d862472d287c143537764b4a7f8,
cuidados_pos__comunicacao_orientacao_transicao_cuidados_domiciliar_pos__artigo__research_society_development__2022__v1,cuidados_pos_comunicacao_orientacao_transicao_cuidados_domiciliar_pos_artigo_research_society_development_2022_v1,ATIVO,Manter pesquisável; validar inventário e conteúdo.,60,60,0,0,17qpoGMDN4iu6_dGZl1L620eCwxOeypvr,ROOT/enfermagem_perioperatoria/cuidados_pos/cuidados_pos__comunicacao_orientacao_transicao_cuidados_domiciliar_pos__artigo__research_society_development__2022__v1,17qpoGMDN4iu6_dGZl1L620eCwxOeypvr,,,,active,new:succeeded,cuidados_pos__comunicacao_orientacao_transicao_cuidados_domiciliar_pos__artigo__research_society_development__2022__v1.pdf,0,0.0000,,67fe18351a96ac239c811f46f90e9046f1ca843b7eaca5511284388e50445055
cuidados_pos__comunicacao_orientacao_transicao_cuidados_domiciliar_pos__artigo__research_society_development__2022__v1.pdf,cuidados_pos_comunicacao_orientacao_transicao_cuidados_domiciliar_pos_artigo_research_society_development_2022_v1,PENDENTE_DE_CONFIRMAÇÃO,Possível duplicata por nome normalizado; comparar conteúdo com os pares antes de excluir.,41,0,41,0,,,,,,,,,cuidados_pos__comunicacao_orientacao_transicao_cuidados_domiciliar_pos__artigo__research_society_development__2022__v1,0,0.0000,b1e227a40d6bb1a0fee3fea8eea76cc7ee70d0e5b11963b731ff3b94e6aed7cc,
cuidados_pos__cuidados_enfermagem_pos_operatorio_acolhimento__artigo__research_society_development__2022__v1,cuidados_pos_cuidados_enfermagem_pos_operatorio_acolhimento_artigo_research_society_development_2022_v1,ATIVO,Manter pesquisável; validar inventário e conteúdo.,47,47,0,0,1ymUqtCBbHKAKBUqyuAgCrN4zfdps7LfE,ROOT/enfermagem_perioperatoria/cuidados_pos/cuidados_pos__cuidados_enfermagem_pos_operatorio_acolhimento__artigo__research_society_development__2022__v1,1ymUqtCBbHKAKBUqyuAgCrN4zfdps7LfE,,,,active,new:succeeded,cuidados_pos__cuidados_enfermagem_pos_operatorio_acolhimento__artigo__research_society_development__2022__v1.pdf,0,0.0000,,b7c704765692cc5f55ed8db5b7e6ef0ea9d451cde41f7fd0317b9b406dc13f13
cuidados_pos__cuidados_enfermagem_pos_operatorio_acolhimento__artigo__research_society_development__2022__v1.pdf,cuidados_pos_cuidados_enfermagem_pos_operatorio_acolhimento_artigo_research_society_development_2022_v1,PENDENTE_DE_CONFIRMAÇÃO,Possível duplicata por nome normalizado; comparar conteúdo com os pares antes de excluir.,33,0,33,0,,,,,,,,,cuidados_pos__cuidados_enfermagem_pos_operatorio_acolhimento__artigo__research_society_development__2022__v1,0,0.0000,7add04ad82f6810da1551a409695c85739313444c07e62d60d9960d8307baabe,
cuidados_pos__cuidados_enfermagem_pos_operatorio_enfermagem__artigo__revista_enfermagem_ufpi__2023__v1,cuidados_pos_cuidados_enfermagem_pos_operatorio_enfermagem_artigo_revista_enfermagem_ufpi_2023_v1,ATIVO,Manter pesquisável; validar inventário e conteúdo.,50,50,0,0,1Otw5FXgeZJGUbhakBu-M56rpoUVgznpS,ROOT/enfermagem_perioperatoria/cuidados_pos/cuidados_pos__cuidados_enfermagem_pos_operatorio_enfermagem__artigo__revista_enfermagem_ufpi__2023__v1,1Otw5FXgeZJGUbhakBu-M56rpoUVgznpS,,,,active,new:succeeded,cuidados_pos__cuidados_enfermagem_pos_operatorio_enfermagem__artigo__revista_enfermagem_ufpi__2023__v1.pdf,0,0.0000,,b35e13e05cb4b9e02f461ac3f1ce8b5766fafddedcc494edbce1fa7d04955bcd
cuidados_pos__cuidados_enfermagem_pos_operatorio_enfermagem__artigo__revista_enfermagem_ufpi__2023__v1.pdf,cuidados_pos_cuidados_enfermagem_pos_operatorio_enfermagem_artigo_revista_enfermagem_ufpi_2023_v1,PENDENTE_DE_CONFIRMAÇÃO,Possível duplicata por nome normalizado; comparar conteúdo com os pares antes de excluir.,36,0,36,0,,,,,,,,,cuidados_pos__cuidados_enfermagem_pos_operatorio_enfermagem__artigo__revista_enfermagem_ufpi__2023__v1,0,0.0000,ef7e98f1c29b166c36b165948aa9aea7661fece3e8e36a381139606b8660fbd1,
cuidados_pos__diretrizes_atencao_pessoa_amputada__guia__ministerio_da_saude__2023__v1,cuidados_pos_diretrizes_atencao_pessoa_amputada_guia_ministerio_da_saude_2023_v1,ATIVO,Manter pesquisável; validar inventário e conteúdo.,57,57,0,0,1-xhx4ifwQCUbz_keirJIz6UQSQ8a5sUE,ROOT/enfermagem_perioperatoria/cuidados_pos/cuidados_pos__diretrizes_atencao_pessoa_amputada__guia__ministerio_da_saude__2023__v1,1-xhx4ifwQCUbz_keirJIz6UQSQ8a5sUE,,,,active,new:succeeded,cuidados_pos__diretrizes_atencao_pessoa_amputada__guia__ministerio_da_saude__2023__v1.pdf,0,0.0000,,1f004a9a3ea1de9b16a004244a81c3142132e7ca2ae3fb89e240413bbaa9f724
cuidados_pos__diretrizes_atencao_pessoa_amputada__guia__ministerio_da_saude__2023__v1.pdf,cuidados_pos_diretrizes_atencao_pessoa_amputada_guia_ministerio_da_saude_2023_v1,PENDENTE_DE_CONFIRMAÇÃO,Possível duplicata por nome normalizado; comparar conteúdo com os pares antes de excluir.,30,0,30,0,,,,,,,,,cuidados_pos__diretrizes_atencao_pessoa_amputada__guia__ministerio_da_saude__2023__v1,0,0.0000,b0998f9a9664b73e08fff211c8b57ae259525adf797b3f79644fe0baec1f16ae,
cuidados_pos__recuperacao_anestesica_segura__apostila__sobecc__nao_disponivel__v1,cuidados_pos_recuperacao_anestesica_segura_apostila_sobecc_nao_disponivel_v1,ATIVO,Manter pesquisável; validar inventário e conteúdo.,7,7,0,0,1a0YMt3q7p70f5iFaX_qQJ1RHouEvalYA,ROOT/enfermagem_perioperatoria/cuidados_pos/cuidados_pos__recuperacao_anestesica_segura__apostila__sobecc__nao_disponivel__v1,1a0YMt3q7p70f5iFaX_qQJ1RHouEvalYA,,,,active,new:succeeded,cuidados_pos__recuperacao_anestesica_segura__apostila__sobecc__nao_disponivel__v1.pdf,0,0.0000,,fcc61a10704115dcfb95bf9e91ef1e8430b9d245a76a47c8a58048c0965bc6f9
cuidados_pos__recuperacao_anestesica_segura__apostila__sobecc__nao_disponivel__v1.pdf,cuidados_pos_recuperacao_anestesica_segura_apostila_sobecc_nao_disponivel_v1,PENDENTE_DE_CONFIRMAÇÃO,Possível duplicata por nome normalizado; comparar conteúdo com os pares antes de excluir.,4,0,4,0,,,,,,,,,cuidados_pos__recuperacao_anestesica_segura__apostila__sobecc__nao_disponivel__v1,0,0.0000,8b269d3a857a10c4a24f2e0f18cbea06b1f650abf0aef0d096e307a27f8880aa,
cuidados_pos__sinais_agravo__apostila__sobecc__nao_disponivel__v1,cuidados_pos_sinais_agravo_apostila_sobecc_nao_disponivel_v1,ATIVO,Manter pesquisável; validar inventário e conteúdo.,8,8,0,0,1_VSuj-wh7VOliXi2M_7idLkb1jEAk5Yn,ROOT/enfermagem_perioperatoria/cuidados_pos/cuidados_pos__sinais_agravo__apostila__sobecc__nao_disponivel__v1,1_VSuj-wh7VOliXi2M_7idLkb1jEAk5Yn,,,,active,new:succeeded,cuidados_pos__sinais_agravo__apostila__sobecc__nao_disponivel__v1.pdf,0,0.0000,,1748e54bb74045ec6236c607baaea66d398cd0ddf7f655ef3204abe086002c69
cuidados_pos__sinais_agravo__apostila__sobecc__nao_disponivel__v1.pdf,cuidados_pos_sinais_agravo_apostila_sobecc_nao_disponivel_v1,PENDENTE_DE_CONFIRMAÇÃO,Possível duplicata por nome normalizado; comparar conteúdo com os pares antes de excluir.,5,0,5,0,,,,,,,,,cuidados_pos__sinais_agravo__apostila__sobecc__nao_disponivel__v1,0,0.0000,291176c09f42600ce1d53deda34007fe844c8314b63d12bcbecee22c0ec66274,
cuidados_pos__video_educativo_pacientes_cirurgia_robotica__artigo__reben__2022__v1,cuidados_pos_video_educativo_pacientes_cirurgia_robotica_artigo_reben_2022_v1,ATIVO,Manter pesquisável; validar inventário e conteúdo.,57,57,0,0,1XoSi4a7hJA7A9GdWxQxGucwCv3WLhv1f,ROOT/enfermagem_perioperatoria/cuidados_pos/cuidados_pos__video_educativo_pacientes_cirurgia_robotica__artigo__reben__2022__v1,1XoSi4a7hJA7A9GdWxQxGucwCv3WLhv1f,,,,active,new:succeeded,cuidados_pos__video_educativo_pacientes_cirurgia_robotica__artigo__reben__2022__v1.pdf,0,0.0000,,3d8aaaf953736624c0763f38a04609bb555b52db3c870f1b95881ff23f5f7222
cuidados_pos__video_educativo_pacientes_cirurgia_robotica__artigo__reben__2022__v1.pdf,cuidados_pos_video_educativo_pacientes_cirurgia_robotica_artigo_reben_2022_v1,PENDENTE_DE_CONFIRMAÇÃO,Possível duplicata por nome normalizado; comparar conteúdo com os pares antes de excluir.,38,0,38,0,,,,,,,,,cuidados_pos__video_educativo_pacientes_cirurgia_robotica__artigo__reben__2022__v1,0,0.0000,5df98499abce9869bc42a140ec1c03f3fd499a2b4c43bac72c8bf391277ffc12,
cuidados_pre__aspectos_relevantes_visita_pré_operatória__artigo__reas_ejch__2019__v1,cuidados_pre_aspectos_relevantes_visita_pre_operatoria_artigo_reas_ejch_2019_v1,ATIVO,Manter pesquisável; validar inventário e conteúdo.,28,28,0,0,1SllmrhJX8SuZi5i6kFikDqBCtngSFhzh,ROOT/enfermagem_perioperatoria/cuidados_pre/cuidados_pre__aspectos_relevantes_visita_pré_operatória__artigo__reas_ejch__2019__v1,1SllmrhJX8SuZi5i6kFikDqBCtngSFhzh,,,,active,new:succeeded,cuidados_pre__aspectos_relevantes_visita_pré_operatória__artigo__reas_ejch__2019__v1.pdf,0,0.0000,,bbdbbf86455d176eb20ba1588ef628c3c438800d7b52b5e355d1ea8a9816d0ab
cuidados_pre__aspectos_relevantes_visita_pré_operatória__artigo__reas_ejch__2019__v1.pdf,cuidados_pre_aspectos_relevantes_visita_pre_operatoria_artigo_reas_ejch_2019_v1,PENDENTE_DE_CONFIRMAÇÃO,Possível duplicata por nome normalizado; comparar conteúdo com os pares antes de excluir.,20,0,20,0,,,,,,,,,cuidados_pre__aspectos_relevantes_visita_pré_operatória__artigo__reas_ejch__2019__v1,0,0.0000,a101fc597d81171473261c1a6e08b05ea41a67f94481826853935867e94cbcaa,
cuidados_pre__aula_pre_operatorio__resumo_de_aula__prof_neide_da_silva_knihs_prof_juliana_balbinot_reis_girondi_prof_lucia_nazare_amante__nao_disponivel__nao_disponivel,cuidados_pre_aula_pre_operatorio_resumo_de_aula_prof_neide_da_silva_knihs_prof_juliana_balbinot_reis_girondi_prof_lucia_nazare_amante_nao_disponivel_nao_disponivel,ATIVO,Manter pesquisável; validar inventário e conteúdo.,15,15,0,0,14dVMPLHlYsu5YP1GrC0_aFlMQWqy8Z8N,ROOT/enfermagem_perioperatoria/cuidados_pre/cuidados_pre__aula_pre_operatorio__resumo_de_aula__prof_neide_da_silva_knihs_prof_juliana_balbinot_reis_girondi_prof_lucia_nazare_amante__nao_disponivel__nao_disponivel,14dVMPLHlYsu5YP1GrC0_aFlMQWqy8Z8N,,,,active,new:succeeded,,0,0.0000,,5968496db2b10288b59e875e94d11658475af59724ecac927edea9144a496776
cuidados_pre__cuidados_enfermagem_pacientes_pre_operatorio_checklist__artigo__inova_saude__2021__v1,cuidados_pre_cuidados_enfermagem_pacientes_pre_operatorio_checklist_artigo_inova_saude_2021_v1,ATIVO,Manter pesquisável; validar inventário e conteúdo.,57,57,0,0,1z24RFyNSXK70wgr9-a3KZ9257xGsRJTD,ROOT/enfermagem_perioperatoria/cuidados_pre/cuidados_pre__cuidados_enfermagem_pacientes_pre_operatorio_checklist__artigo__inova_saude__2021__v1,1z24RFyNSXK70wgr9-a3KZ9257xGsRJTD,,,,active,new:succeeded,cuidados_pre__cuidados_enfermagem_pacientes_pre_operatorio_checklist__artigo__inova_saude__2021__v1.pdf,0,0.0000,,88a140fb2a32df6762312808a24b22ef79b64f7644ce42cae6df3167161022d4
cuidados_pre__cuidados_enfermagem_pacientes_pre_operatorio_checklist__artigo__inova_saude__2021__v1.pdf,cuidados_pre_cuidados_enfermagem_pacientes_pre_operatorio_checklist_artigo_inova_saude_2021_v1,PENDENTE_DE_CONFIRMAÇÃO,Possível duplicata por nome normalizado; comparar conteúdo com os pares antes de excluir.,38,0,38,0,,,,,,,,,cuidados_pre__cuidados_enfermagem_pacientes_pre_operatorio_checklist__artigo__inova_saude__2021__v1,0,0.0000,738393bab0802ced7a7fb01bcfdfdaaaed29e0de3da513c62136f92c8de16bae,
cuidados_pre__importancia_cuidados_pre_operatorio__artigo__remic__2023__v1,cuidados_pre_importancia_cuidados_pre_operatorio_artigo_remic_2023_v1,ATIVO,Manter pesquisável; validar inventário e conteúdo.,49,49,0,0,11yYTHeY94hOPFBZaB2Zlt2Wiw2qxVuX4,ROOT/enfermagem_perioperatoria/cuidados_pre/cuidados_pre__importancia_cuidados_pre_operatorio__artigo__remic__2023__v1,11yYTHeY94hOPFBZaB2Zlt2Wiw2qxVuX4,,,,active,new:succeeded,cuidados_pre__importancia_cuidados_pre_operatorio__artigo__remic__2023__v1.pdf,0,0.0000,,4d1f61dbec115eac9733dd54e067bee3c2089c1987ebd531b81b6115ba32c956
cuidados_pre__importancia_cuidados_pre_operatorio__artigo__remic__2023__v1.pdf,cuidados_pre_importancia_cuidados_pre_operatorio_artigo_remic_2023_v1,PENDENTE_DE_CONFIRMAÇÃO,Possível duplicata por nome normalizado; comparar conteúdo com os pares antes de excluir.,33,0,33,0,,,,,,,,,cuidados_pre__importancia_cuidados_pre_operatorio__artigo__remic__2023__v1,0,0.0000,ae6fc7f41734e370ca858be270f0ea1ecbcbd22a22fa223ad6c5f3a60e0fd1c3,
cuidados_pre__principais_recomendacoes_cuidados_pre_operatorios__artigo__rev_med_ufc__2019__v1,cuidados_pre_principais_recomendacoes_cuidados_pre_operatorios_artigo_rev_med_ufc_2019_v1,ATIVO,Manter pesquisável; validar inventário e conteúdo.,35,35,0,0,12F8539ZNtvLtx5nGmPOtUPJ6clbVvNJU,ROOT/enfermagem_perioperatoria/cuidados_pre/cuidados_pre__principais_recomendacoes_cuidados_pre_operatorios__artigo__rev_med_ufc__2019__v1,12F8539ZNtvLtx5nGmPOtUPJ6clbVvNJU,,,,active,new:succeeded,cuidados_pre__principais_recomendacoes_cuidados_pre_operatorios__artigo__rev_med_ufc__2019__v1.pdf,0,0.0000,,bad2fa693376718f354514f432f8b10d1b061e450e6b22120a7c952829ddd1d0
cuidados_pre__principais_recomendacoes_cuidados_pre_operatorios__artigo__rev_med_ufc__2019__v1.pdf,cuidados_pre_principais_recomendacoes_cuidados_pre_operatorios_artigo_rev_med_ufc_2019_v1,PENDENTE_DE_CONFIRMAÇÃO,Possível duplicata por nome normalizado; comparar conteúdo com os pares antes de excluir.,25,0,25,0,,,,,,,,,cuidados_pre__principais_recomendacoes_cuidados_pre_operatorios__artigo__rev_med_ufc__2019__v1,0,0.0000,a05f36bda1d508efab828fed9a4b5e64cd707a9a426e7a35207067c30caa91fd,
dor_pos_operatoria__avaliacao_dor_pos_operatoria__article__rev_enf_ufpe__2018__v1.pdf,dor_pos_operatoria_avaliacao_dor_pos_operatoria_article_rev_enf_ufpe_2018_v1,ATIVO,Manter pesquisável; validar inventário e conteúdo.,32,32,0,0,1ajbzLqRKBfhN6X2Dz1yIJyWVc1JQ2Hw8,ROOT/enfermagem_perioperatoria/dor_pos_operatoria/dor_pos_operatoria__avaliacao_dor_pos_operatoria__article__rev_enf_ufpe__2018__v1.pdf,1ajbzLqRKBfhN6X2Dz1yIJyWVc1JQ2Hw8,,,,active,new:succeeded,,0,0.0000,,39ab19f631cb236154b719713885b96c00ca06a5c83aa377893fa315d69e45c2
dor_pos_operatoria__cancer_pain_relief__guia__who__1996__v2.pdf,dor_pos_operatoria_cancer_pain_relief_guia_who_1996_v2,ATIVO,Manter pesquisável; validar inventário e conteúdo.,133,133,0,0,1uFP54kMLDB4hpJ22P-eb-Y3IrhQ3vyz2,ROOT/enfermagem_perioperatoria/dor_pos_operatoria/dor_pos_operatoria__cancer_pain_relief__guia__who__1996__v2.pdf,1uFP54kMLDB4hpJ22P-eb-Y3IrhQ3vyz2,,,,active,new:succeeded,,0,0.0000,,14daccff057c4874b25c2ce6d0b614d74d691e8fdd4a1b7621a3c51ba88a12a7
dor_pos_operatoria__causes_consequences_inadequate_management_acute_pain__review_article__pain_medicine__2010__v1.pdf,dor_pos_operatoria_causes_consequences_inadequate_management_acute_pain_review_article_pain_medicine_2010_v1,ATIVO,Manter pesquisável; validar inventário e conteúdo.,73,73,0,0,1K2z5fV3W0HpnI8qlic6VSDEf0zS86jLv,ROOT/enfermagem_perioperatoria/dor_pos_operatoria/dor_pos_operatoria__causes_consequences_inadequate_management_acute_pain__review_article__pain_medicine__2010__v1.pdf,1K2z5fV3W0HpnI8qlic6VSDEf0zS86jLv,,,,active,new:succeeded,,0,0.0000,,db007cc67204557c5a681165cdac5d27ca8a33dfef04fc009a6761b3c924c7bf
dor_pos_operatoria__dor_fantasma__artigo__medicus__2020__v1,dor_pos_operatoria_dor_fantasma_artigo_medicus_2020_v1,ATIVO,Manter pesquisável; validar inventário e conteúdo.,26,26,0,0,1nAb093keQj_Yhc0ggBrbFitGFblbrudE,ROOT/enfermagem_perioperatoria/dor_pos_operatoria/dor_pos_operatoria__dor_fantasma__artigo__medicus__2020__v1,1nAb093keQj_Yhc0ggBrbFitGFblbrudE,,,,active,new:succeeded,dor_pos_operatoria__dor_fantasma__artigo__medicus__2020__v1.pdf,0,0.0000,,da21e8e62af19f2c75e219df79d17cf8a8594ed341f3b4b8c7249d543685a466
dor_pos_operatoria__dor_fantasma__artigo__medicus__2020__v1.pdf,dor_pos_operatoria_dor_fantasma_artigo_medicus_2020_v1,PENDENTE_DE_CONFIRMAÇÃO,Possível duplicata por nome normalizado; comparar conteúdo com os pares antes de excluir.,19,0,19,0,,,,,,,,,dor_pos_operatoria__dor_fantasma__artigo__medicus__2020__v1,0,0.0000,faabbdb7ed13d0731470c5895a10ccf53b1ae455ab7febf9ad2631f38abc127d,
dor_pos_operatoria__efetividade_tratamento_dor_ortopedia__artigo__reas_ejch__2020__v1.pdf,dor_pos_operatoria_efetividade_tratamento_dor_ortopedia_artigo_reas_ejch_2020_v1,ATIVO,Manter pesquisável; validar inventário e conteúdo.,42,42,0,0,1EPCBDJS70QMGgzsxG7WNHoP0GaN4feCD,ROOT/enfermagem_perioperatoria/dor_pos_operatoria/dor_pos_operatoria__efetividade_tratamento_dor_ortopedia__artigo__reas_ejch__2020__v1.pdf,1EPCBDJS70QMGgzsxG7WNHoP0GaN4feCD,,,,active,new:succeeded,,0,0.0000,,5a479713766a9a9f1e9e003b030077e2126d02eb6d52853a62db22360cb3c169
dor_pos_operatoria__intervencoes_nao_farmacologicas_manejo_dor_pos_operatoria__artigo__revol__2021__v1,dor_pos_operatoria_intervencoes_nao_farmacologicas_manejo_dor_pos_operatoria_artigo_revol_2021_v1,ATIVO,Manter pesquisável; validar inventário e conteúdo.,38,38,0,0,1PqMF2K_ijUIrkhqDL-28KPJSA5dwinzY,ROOT/enfermagem_perioperatoria/dor_pos_operatoria/dor_pos_operatoria__intervencoes_nao_farmacologicas_manejo_dor_pos_operatoria__artigo__revol__2021__v1,1PqMF2K_ijUIrkhqDL-28KPJSA5dwinzY,,,,active,new:succeeded,dor_pos_operatoria__intervencoes_nao_farmacologicas_manejo_dor_pos_operatoria__artigo__revol__2021__v1.pdf,0,0.0000,,5138bba4902c1d71aa16bfb0222d24fe823df3f23c6aa86705b54c886b9e4c0f
dor_pos_operatoria__intervencoes_nao_farmacologicas_manejo_dor_pos_operatoria__artigo__revol__2021__v1.pdf,dor_pos_operatoria_intervencoes_nao_farmacologicas_manejo_dor_pos_operatoria_artigo_revol_2021_v1,PENDENTE_DE_CONFIRMAÇÃO,Possível duplicata por nome normalizado; comparar conteúdo com os pares antes de excluir.,25,0,25,0,,,,,,,,,dor_pos_operatoria__intervencoes_nao_farmacologicas_manejo_dor_pos_operatoria__artigo__revol__2021__v1,0,0.0000,bfbda4451b166daca630ecf520e2806084167ff7fd6022065ad63f033e72c2a3,
dor_pos_operatoria__manejo_da_dor__artigo__brjp__2025__v1.pdf,dor_pos_operatoria_manejo_da_dor_artigo_brjp_2025_v1,ATIVO,Manter pesquisável; validar inventário e conteúdo.,62,62,0,0,1UcXuZBX8B_e2GvymQHqisVur3Fryddx7,ROOT/enfermagem_perioperatoria/dor_pos_operatoria/dor_pos_operatoria__manejo_da_dor__artigo__brjp__2025__v1.pdf,1UcXuZBX8B_e2GvymQHqisVur3Fryddx7,,,,active,new:succeeded,,0,0.0000,,1dfce058a1375d9d71e2714929240d639e46cf33e0d7f502255a31c2f8c6b886
dor_pos_operatoria__manejo_dor_musculoesqueletica__artigo__rev_bras_ortop__2024__v1.pdf,dor_pos_operatoria_manejo_dor_musculoesqueletica_artigo_rev_bras_ortop_2024_v1,ATIVO,Manter pesquisável; validar inventário e conteúdo.,53,53,0,0,1O0YOHXXn1t4mA03TX_G37T27QPd4icHc,ROOT/enfermagem_perioperatoria/dor_pos_operatoria/dor_pos_operatoria__manejo_dor_musculoesqueletica__artigo__rev_bras_ortop__2024__v1.pdf,1O0YOHXXn1t4mA03TX_G37T27QPd4icHc,,,,active,new:succeeded,,0,0.0000,,87a72e525827fa3e935c7aa523d15046e2d552d5d1e76cac38a826cf52438706
dor_pos_operatoria__preparo_medicamentos_injetaveis__guia__ebserh__2019__v1.pdf,dor_pos_operatoria_preparo_medicamentos_injetaveis_guia_ebserh_2019_v1,ATIVO,Manter pesquisável; validar inventário e conteúdo.,97,97,0,0,14FpkEkVZ8rQQQ6bS9Sw3m1bfWXykFSQR,ROOT/enfermagem_perioperatoria/dor_pos_operatoria/dor_pos_operatoria__preparo_medicamentos_injetaveis__guia__ebserh__2019__v1.pdf,14FpkEkVZ8rQQQ6bS9Sw3m1bfWXykFSQR,,,,active,new:succeeded,,0,0.0000,,f67c0cee3e0cbd7dfcc3287944e329df5f6a8b08a1a0bf9bde2fd8845e9b3d07
dor_pos_operatoria__tabela_medicamentos_cirurgica__guia__prof_juliana_balbinot_reis_girondi_prof_keyla_nascimento__2022__v1,dor_pos_operatoria_tabela_medicamentos_cirurgica_guia_prof_juliana_balbinot_reis_girondi_prof_keyla_nascimento_2022_v1,ATIVO,Manter pesquisável; validar inventário e conteúdo.,15,15,0,0,1Tm4GYvbkUYo315CYRF4ssgWIoAdjIC-H,ROOT/enfermagem_perioperatoria/dor_pos_operatoria/dor_pos_operatoria__tabela_medicamentos_cirurgica__guia__prof_juliana_balbinot_reis_girondi_prof_keyla_nascimento__2022__v1,1Tm4GYvbkUYo315CYRF4ssgWIoAdjIC-H,,,,active,new:succeeded,,0,0.0000,,674b29be4bdf4591499a1c0022610a67a98b437139abedaf547e3132406b1529
estoma__cuidados_pessoa_estomizada__livro__secretaria_de_saude_minas_gerais__2015__v1.pdf,estoma_cuidados_pessoa_estomizada_livro_secretaria_de_saude_minas_gerais_2015_v1,ATIVO,Manter pesquisável; validar inventário e conteúdo.,376,376,0,0,1wfGN61loXz7AcLSqxsqWZ1S639SBcymR,ROOT/enfermagem_perioperatoria/estoma/estoma__cuidados_pessoa_estomizada__livro__secretaria_de_saude_minas_gerais__2015__v1.pdf,1wfGN61loXz7AcLSqxsqWZ1S639SBcymR,,,,active,new:succeeded,,0,0.0000,,a7e7e8c11673648ddacca62eb16ed4e39b641751f938f796a04ae6f4086cc869
estoma__qualidade_de_vida_pessoa_estomizada__artigo__ean__2018__v1,estoma_qualidade_de_vida_pessoa_estomizada_artigo_ean_2018_v1,ATIVO,Manter pesquisável; validar inventário e conteúdo.,58,58,0,0,1ldnVPOO96XZstBvujx0cRJAqO9lDyHKE,ROOT/enfermagem_perioperatoria/estoma/estoma__qualidade_de_vida_pessoa_estomizada__artigo__ean__2018__v1,1ldnVPOO96XZstBvujx0cRJAqO9lDyHKE,,,,active,new:succeeded,estoma__qualidade_de_vida_pessoa_estomizada__artigo__ean__2018__v1.pdf,0,0.0000,,6e88e7233552651a43953783edff76d95cfdcded395ebdd22a973afd0355b6f4
estoma__qualidade_de_vida_pessoa_estomizada__artigo__ean__2018__v1.pdf,estoma_qualidade_de_vida_pessoa_estomizada_artigo_ean_2018_v1,PENDENTE_DE_CONFIRMAÇÃO,Possível duplicata por nome normalizado; comparar conteúdo com os pares antes de excluir.,38,0,38,0,,,,,,,,,estoma__qualidade_de_vida_pessoa_estomizada__artigo__ean__2018__v1,0,0.0000,d5d17e8f4b418dccefc6b1d56623b7ce222de2efbe6159038e26a59974b3e7af,
estoma__recomendacoes_canadenses_para_enfermeiros__editorial__estima__2024__v1.pdf,estoma_recomendacoes_canadenses_para_enfermeiros_editorial_estima_2024_v1,ATIVO,Manter pesquisável; validar inventário e conteúdo.,17,17,0,0,1OMQVMDvrNhaDt46uOzTIf8vELVNQuJFz,ROOT/enfermagem_perioperatoria/estoma/estoma__recomendacoes_canadenses_para_enfermeiros__editorial__estima__2024__v1.pdf,1OMQVMDvrNhaDt46uOzTIf8vELVNQuJFz,,,,active,new:succeeded,,0,0.0000,,ae4ffa18d0df53562ac3664f4615a400e4030afd94ec2d7cd91822c763fe5304
ferida__cicatrizacao_feridas_analise_tendencia__artigo__reusfm__2015__v1,ferida_cicatrizacao_feridas_analise_tendencia_artigo_reusfm_2015_v1,ATIVO,Manter pesquisável; validar inventário e conteúdo.,35,35,0,0,1BF7mv42fMWtWbl-RFEM2kMqC7u_JvfXl,ROOT/enfermagem_perioperatoria/ferida/ferida__cicatrizacao_feridas_analise_tendencia__artigo__reusfm__2015__v1,1BF7mv42fMWtWbl-RFEM2kMqC7u_JvfXl,,,,active,new:succeeded,ferida__cicatrizacao_feridas_analise_tendencia__artigo__reusfm__2015__v1.pdf,0,0.0000,,0a6b20bbe0a00001fbd186d20f5cd4e31205061fb2847004af061eb097ac3c28
ferida__cicatrizacao_feridas_analise_tendencia__artigo__reusfm__2015__v1.pdf,ferida_cicatrizacao_feridas_analise_tendencia_artigo_reusfm_2015_v1,PENDENTE_DE_CONFIRMAÇÃO,Possível duplicata por nome normalizado; comparar conteúdo com os pares antes de excluir.,25,0,25,0,,,,,,,,,ferida__cicatrizacao_feridas_analise_tendencia__artigo__reusfm__2015__v1,0,0.0000,39809ab4c0d0e699f286347c359e57368ed5544734f724cf77ee7f2f2e6b53d6,
ferida__cicatrizacao_tratamento_feridas__artigo__enfermagem_em_foco__2019__v1,ferida_cicatrizacao_tratamento_feridas_artigo_enfermagem_em_foco_2019_v1,ATIVO,Manter pesquisável; validar inventário e conteúdo.,38,38,0,0,1B6zSzhdLAkuIo6tAsxUEjnvdu5sparL5,ROOT/enfermagem_perioperatoria/ferida/ferida__cicatrizacao_tratamento_feridas__artigo__enfermagem_em_foco__2019__v1,1B6zSzhdLAkuIo6tAsxUEjnvdu5sparL5,,,,active,new:succeeded,ferida__cicatrizacao_tratamento_feridas__artigo__enfermagem_em_foco__2019__v1.pdf,0,0.0000,,6c03604ca1ea7f681f56d78af1d5ece3508f7bb1e896813ce3a2cc526d95dc12
ferida__cicatrizacao_tratamento_feridas__artigo__enfermagem_em_foco__2019__v1.pdf,ferida_cicatrizacao_tratamento_feridas_artigo_enfermagem_em_foco_2019_v1,PENDENTE_DE_CONFIRMAÇÃO,Possível duplicata por nome normalizado; comparar conteúdo com os pares antes de excluir.,26,0,26,0,,,,,,,,,ferida__cicatrizacao_tratamento_feridas__artigo__enfermagem_em_foco__2019__v1,0,0.0000,bf3d7234b283c1ca4fcd6b9bdddfc041e61867de8ca43423f100f4c5d703c811,
ferida__consenso_antissepticos__guia__wounds_international__2023__v1,ferida_consenso_antissepticos_guia_wounds_international_2023_v1,ATIVO,Manter pesquisável; validar inventário e conteúdo.,124,124,0,0,1_WY-Q4LoAi4Fkd5paSX5-Ckx7S922iSP,ROOT/enfermagem_perioperatoria/ferida/ferida__consenso_antissepticos__guia__wounds_international__2023__v1,1_WY-Q4LoAi4Fkd5paSX5-Ckx7S922iSP,,,,active,new:succeeded,ferida__consenso_antissepticos__guia__wounds_international__2023__v1.pdf,0,0.0000,,19ce662ec3c2258c82f0c40f3013260308209fd3a25eab5a7613411a3a605972
ferida__consenso_antissepticos__guia__wounds_international__2023__v1.pdf,ferida_consenso_antissepticos_guia_wounds_international_2023_v1,PENDENTE_DE_CONFIRMAÇÃO,Possível duplicata por nome normalizado; comparar conteúdo com os pares antes de excluir.,83,0,83,0,,,,,,,,,ferida__consenso_antissepticos__guia__wounds_international__2023__v1,0,0.0000,2cd00463a125f3d43e98559d668d85804cd0609d4baf2b38ffeeb4430e5e6f94,
ferida__consenso_deiscencia__guia__wounds_international__2018__v1.pdf,ferida_consenso_deiscencia_guia_wounds_international_2018_v1,PENDENTE_DE_CONFIRMAÇÃO,Legado sem identidade do Drive; permanece em quarentena.,143,0,143,0,,,,,,,,,,0,0.0000,592920b749b1453d012c88a43411199307673fbe997e796b8e05f41c9c1823de,
ferida__consenso_ferida_cirurgica__guia__wounds_international__2022__v1.pdf,ferida_consenso_ferida_cirurgica_guia_wounds_international_2022_v1,PENDENTE_DE_CONFIRMAÇÃO,Legado sem identidade do Drive; permanece em quarentena.,15,0,15,0,,,,,,,,,,0,0.0000,bf0691256ccef39e91e7d67983942f795b75c929ccf57a89d1cd3f9b81ae3102,
ferida__consenso_uso_prata_feridas__guia__wounds_international__2012__v1,ferida_consenso_uso_prata_feridas_guia_wounds_international_2012_v1,ATIVO,Manter pesquisável; validar inventário e conteúdo.,125,125,0,0,1-5n8Jt_rfg7VBwL0pA_Fn0tV--9Xywop,ROOT/enfermagem_perioperatoria/ferida/ferida__consenso_uso_prata_feridas__guia__wounds_international__2012__v1,1-5n8Jt_rfg7VBwL0pA_Fn0tV--9Xywop,,,,active,new:succeeded,ferida__consenso_uso_prata_feridas__guia__wounds_international__2012__v1.pdf,0,0.0000,,b2f9fd7a5d5e54304b2a27fff6d8f2e8b9b914c6848c8ab7d1ca30b5b40b331d
ferida__consenso_uso_prata_feridas__guia__wounds_international__2012__v1.pdf,ferida_consenso_uso_prata_feridas_guia_wounds_international_2012_v1,PENDENTE_DE_CONFIRMAÇÃO,Possível duplicata por nome normalizado; comparar conteúdo com os pares antes de excluir.,92,0,92,0,,,,,,,,,ferida__consenso_uso_prata_feridas__guia__wounds_international__2012__v1,0,0.0000,7c2cecbff64ad9f33d8e2126398dfef5acb39238fd7b1bd8eb431007d8680e5e,
ferida__cuidados_enfermagem_pessoas_com_feridas_oncologicas__manual_pratico__camila_vicente__2018__v1,ferida_cuidados_enfermagem_pessoas_com_feridas_oncologicas_manual_pratico_camila_vicente_2018_v1,ATIVO,Manter pesquisável; validar inventário e conteúdo.,82,82,0,0,1m_HSGwUzG5sl9cy09ExR1YxXuR4KjBfh,ROOT/enfermagem_perioperatoria/ferida/ferida__cuidados_enfermagem_pessoas_com_feridas_oncologicas__manual_pratico__camila_vicente__2018__v1,1m_HSGwUzG5sl9cy09ExR1YxXuR4KjBfh,,,,active,new:succeeded,ferida__cuidados_enfermagem_pessoas_com_feridas_oncologicas__manual_pratico__camila_vicente__2018__v1.pdf,0,0.0000,,4c2fe4800b9cd5cb71d7c9ad0c092414c7a224e7f41b78b551167c68a2c823e9
ferida__cuidados_enfermagem_pessoas_com_feridas_oncologicas__manual_pratico__camila_vicente__2018__v1.pdf,ferida_cuidados_enfermagem_pessoas_com_feridas_oncologicas_manual_pratico_camila_vicente_2018_v1,PENDENTE_DE_CONFIRMAÇÃO,Possível duplicata por nome normalizado; comparar conteúdo com os pares antes de excluir.,46,0,46,0,,,,,,,,,ferida__cuidados_enfermagem_pessoas_com_feridas_oncologicas__manual_pratico__camila_vicente__2018__v1,0,0.0000,d21320150bd128436031a19963d996ec3e94570b13c6e015be2c56494d864233,
ferida__cuidados_pessoa_com_ferida__protocolo__prefeitura_de_florianopolis__2019__v1.pdf,ferida_cuidados_pessoa_com_ferida_protocolo_prefeitura_de_florianopolis_2019_v1,ATIVO,Manter pesquisável; validar inventário e conteúdo.,207,207,0,0,15c3UdgWIO_hpDM5qFP0cuoBCxVpwSH4E,ROOT/enfermagem_perioperatoria/ferida/ferida__cuidados_pessoa_com_ferida__protocolo__prefeitura_de_florianopolis__2019__v1.pdf,15c3UdgWIO_hpDM5qFP0cuoBCxVpwSH4E,,,,active,new:succeeded,,0,0.0000,,ec09d00c53f49e0296f2b57518be46de26cb1a7041999e36322df79bd743bffd
ferida__feridas_complexas_biofilme__artigo__revista_rede_de_cuidados_em_saude__2016__v1.pdf,ferida_feridas_complexas_biofilme_artigo_revista_rede_de_cuidados_em_saude_2016_v1,ATIVO,Manter pesquisável; validar inventário e conteúdo.,35,35,0,0,1_8WY52g7BmnDCgiOeCVR5Adm3rhaTlTz,ROOT/enfermagem_perioperatoria/ferida/ferida__feridas_complexas_biofilme__artigo__revista_rede_de_cuidados_em_saude__2016__v1.pdf,1_8WY52g7BmnDCgiOeCVR5Adm3rhaTlTz,,,,active,new:succeeded,,0,0.0000,,c7c14d3d5a53e494a6c5c3766eafdc61e369fc270702f9820a66de3a3ae8dedf
ferida__fios_padroes_sutura__aula__ufsc__2020__v1,ferida_fios_padroes_sutura_aula_ufsc_2020_v1,ATIVO,Manter pesquisável; validar inventário e conteúdo.,34,34,0,0,1yNf2wjEd6Kh_6ws3A_aNhtCBF_rQ-Dy7,ROOT/enfermagem_perioperatoria/ferida/ferida__fios_padroes_sutura__aula__ufsc__2020__v1,1yNf2wjEd6Kh_6ws3A_aNhtCBF_rQ-Dy7,,,,active,new:succeeded,ferida__fios_padroes_sutura__aula__ufsc__2020__v1.pdf,0,0.0000,,4eabdc2d0d0d457aecba4779b355817f3edde3223d0bd1e57ca652327281767a
ferida__fios_padroes_sutura__aula__ufsc__2020__v1.pdf,ferida_fios_padroes_sutura_aula_ufsc_2020_v1,PENDENTE_DE_CONFIRMAÇÃO,Possível duplicata por nome normalizado; comparar conteúdo com os pares antes de excluir.,11,0,11,0,,,,,,,,,ferida__fios_padroes_sutura__aula__ufsc__2020__v1,0,0.0000,47a9615c947d3e6bc099baeaed500b123d0349a91488d54123ff4f31e8f0a14b,
ferida__fios_sutura__artigo__surgical_sutures__2016__v1,ferida_fios_sutura_artigo_surgical_sutures_2016_v1,ATIVO,Manter pesquisável; validar inventário e conteúdo.,36,36,0,0,16GLTKTwbrmzK0Ss_EvupoyQQEm6kYSpG,ROOT/enfermagem_perioperatoria/ferida/ferida__fios_sutura__artigo__surgical_sutures__2016__v1,16GLTKTwbrmzK0Ss_EvupoyQQEm6kYSpG,,,,active,new:succeeded,ferida__fios_sutura__artigo__surgical_sutures__2016__v1.pdf,0,0.0000,,53d2738b51f87fd9f5f09c7006dd1527e345704cc79f3bff656d508b768a0046
ferida__fios_sutura__artigo__surgical_sutures__2016__v1.pdf,ferida_fios_sutura_artigo_surgical_sutures_2016_v1,PENDENTE_DE_CONFIRMAÇÃO,Possível duplicata por nome normalizado; comparar conteúdo com os pares antes de excluir.,22,0,22,0,,,,,,,,,ferida__fios_sutura__artigo__surgical_sutures__2016__v1,0,0.0000,a7f3c612f16de4e23038cff7ccce8aaf01a75c30520fe6287ecc673d5f5373a2,
ferida__guia_de_cuidado_em_feridas__guia__coren__2025__v1.pdf,ferida_guia_de_cuidado_em_feridas_guia_coren_2025_v1,ATIVO,Manter pesquisável; validar inventário e conteúdo.,477,477,0,0,1kxe4y0u6waPpmW3VJFlZ7eGTam0959gI,ROOT/enfermagem_perioperatoria/ferida/ferida__guia_de_cuidado_em_feridas__guia__coren__2025__v1.pdf,1kxe4y0u6waPpmW3VJFlZ7eGTam0959gI,,,,active,new:succeeded,,0,0.0000,,8017461f0ee08058f9bacd269b9f9f1a5a9a12c552cc7610d1e6eb7fa7f12d02
ferida__higiene_feridas_estrategia_proativa_cicatrizacao__guia__murphy_et_al__2022__v1,ferida_higiene_feridas_estrategia_proativa_cicatrizacao_guia_murphy_et_al_2022_v1,ATIVO,Manter pesquisável; validar inventário e conteúdo.,89,89,0,0,1TiWjB4dsk0mmiuDFZ1raAmjjSnWGQtVG,ROOT/enfermagem_perioperatoria/ferida/ferida__higiene_feridas_estrategia_proativa_cicatrizacao__guia__murphy_et_al__2022__v1,1TiWjB4dsk0mmiuDFZ1raAmjjSnWGQtVG,,,,active,new:succeeded,ferida__higiene_feridas_estrategia_proativa_cicatrizacao__guia__murphy_et_al__2022__v1.pdf,0,0.0000,,f9d0302e4c6af280805cf3d7639780d6fc69046aa4fbae5f9cf0bf62a87f28bd
ferida__higiene_feridas_estrategia_proativa_cicatrizacao__guia__murphy_et_al__2022__v1.pdf,ferida_higiene_feridas_estrategia_proativa_cicatrizacao_guia_murphy_et_al_2022_v1,PENDENTE_DE_CONFIRMAÇÃO,Possível duplicata por nome normalizado; comparar conteúdo com os pares antes de excluir.,59,0,59,0,,,,,,,,,ferida__higiene_feridas_estrategia_proativa_cicatrizacao__guia__murphy_et_al__2022__v1,0,0.0000,d2ce633b5fadcab90c266f93c3b04b05d5a5ebdb458468aba47a6d908c77832f,
ferida__implementando_timers__guia__wound_care_journal__2019__v1,ferida_implementando_timers_guia_wound_care_journal_2019_v1,ATIVO,Manter pesquisável; validar inventário e conteúdo.,269,269,0,0,1wHIhi2Yw7B-NCR3oN3tfBnlZ9I9f2fHu,ROOT/enfermagem_perioperatoria/ferida/ferida__implementando_timers__guia__wound_care_journal__2019__v1,1wHIhi2Yw7B-NCR3oN3tfBnlZ9I9f2fHu,,,,active,new:succeeded,ferida__implementando_timers__guia__wound_care_journal__2019__v1.pdf,0,0.0000,,d8535988c428dfaef2137c7c834393400d520bf4116e9c6ce645e6f3780e4002
ferida__implementando_timers__guia__wound_care_journal__2019__v1.pdf,ferida_implementando_timers_guia_wound_care_journal_2019_v1,PENDENTE_DE_CONFIRMAÇÃO,Possível duplicata por nome normalizado; comparar conteúdo com os pares antes de excluir.,177,0,177,0,,,,,,,,,ferida__implementando_timers__guia__wound_care_journal__2019__v1,0,0.0000,723109705149f33c0b6a5f4dd917488961e14d5d3e434190386713859d36010f,
glossario,glossario,ATIVO,Manter pesquisável; validar inventário e conteúdo.,18,18,0,0,18ocRcm1ytnyHohrr0azaB_zYkhbKTpKSMSvC89thLjU,ROOT/enfermagem_perioperatoria/glossario,18ocRcm1ytnyHohrr0azaB_zYkhbKTpKSMSvC89thLjU,,,,active,new:succeeded,,0,0.0000,,ae49f9cfbb09923dc8634a08f9c387e65222e1ef895d6224aa44439d7e1b88a2
infeccao_sitio_cirurgico__atualizacao_evidencia_cientifica_poscionamento_ciuúrgico__artigo__sobecc__2022__v1,infeccao_sitio_cirurgico_atualizacao_evidencia_cientifica_poscionamento_ciuurgico_artigo_sobecc_2022_v1,ATIVO,Manter pesquisável; validar inventário e conteúdo.,42,42,0,0,1EP6smNAfD1mGvxlFI60zdWYI0AUiBzbS,ROOT/enfermagem_perioperatoria/infeccao_sitio_cirurgico/infeccao_sitio_cirurgico__atualizacao_evidencia_cientifica_poscionamento_ciuúrgico__artigo__sobecc__2022__v1,1EP6smNAfD1mGvxlFI60zdWYI0AUiBzbS,,,,active,new:succeeded,infeccao_sitio_cirurgico__atualizacao_evidencia_cientifica_poscionamento_ciuúrgico__artigo__sobecc__2022__v1.pdf,0,0.0000,,0cbf64d2048d7dbee56b3b7b74fbf42ecd0c6054b26a5a411cdd0bb151da28d2
infeccao_sitio_cirurgico__atualizacao_evidencia_cientifica_poscionamento_ciuúrgico__artigo__sobecc__2022__v1.pdf,infeccao_sitio_cirurgico_atualizacao_evidencia_cientifica_poscionamento_ciuurgico_artigo_sobecc_2022_v1,PENDENTE_DE_CONFIRMAÇÃO,Possível duplicata por nome normalizado; comparar conteúdo com os pares antes de excluir.,28,0,28,0,,,,,,,,,infeccao_sitio_cirurgico__atualizacao_evidencia_cientifica_poscionamento_ciuúrgico__artigo__sobecc__2022__v1,0,0.0000,b1a5ef2ff8067670b9ac2eae61fd8ea0509bf3a03060347a62958d80528ec686,
infeccao_sitio_cirurgico__capitulo_recursos_humanos_centro_cirurgico__capitulo_livro__sobecc__2017__v1,infeccao_sitio_cirurgico_capitulo_recursos_humanos_centro_cirurgico_capitulo_livro_sobecc_2017_v1,ATIVO,Manter pesquisável; validar inventário e conteúdo.,68,68,0,0,1GPn09XtMV0-zVQvV9jAeZUSBGS5oX_NT,ROOT/enfermagem_perioperatoria/infeccao_sitio_cirurgico/infeccao_sitio_cirurgico__capitulo_recursos_humanos_centro_cirurgico__capitulo_livro__sobecc__2017__v1,1GPn09XtMV0-zVQvV9jAeZUSBGS5oX_NT,,,,active,new:succeeded,infeccao_sitio_cirurgico__capitulo_recursos_humanos_centro_cirurgico__capitulo_livro__sobecc__2017__v1.pdf,0,0.0000,,45144ded7a44c03bd16c1ded601816f801b8568478217e73a2b46b888eea3430
infeccao_sitio_cirurgico__capitulo_recursos_humanos_centro_cirurgico__capitulo_livro__sobecc__2017__v1.pdf,infeccao_sitio_cirurgico_capitulo_recursos_humanos_centro_cirurgico_capitulo_livro_sobecc_2017_v1,PENDENTE_DE_CONFIRMAÇÃO,Possível duplicata por nome normalizado; comparar conteúdo com os pares antes de excluir.,35,0,35,0,,,,,,,,,infeccao_sitio_cirurgico__capitulo_recursos_humanos_centro_cirurgico__capitulo_livro__sobecc__2017__v1,0,0.0000,96a9f33c076de5d3a36cd23f456b0954629cc93ca1ef28dd77ae2484f23f44b1,
infeccao_sitio_cirurgico__enfermeiro_prevencao_infeccao_sitio_cirurgico__artigo__brazilian_journal_health_review__2020__v1,infeccao_sitio_cirurgico_enfermeiro_prevencao_infeccao_sitio_cirurgico_artigo_brazilian_journal_health_review_2020_v1,ATIVO,Manter pesquisável; validar inventário e conteúdo.,30,30,0,0,14j2akP9bZLD6Q85b7gvMJf4ULWCMSBY3,ROOT/enfermagem_perioperatoria/infeccao_sitio_cirurgico/infeccao_sitio_cirurgico__enfermeiro_prevencao_infeccao_sitio_cirurgico__artigo__brazilian_journal_health_review__2020__v1,14j2akP9bZLD6Q85b7gvMJf4ULWCMSBY3,,,,active,new:succeeded,,0,0.0000,,8b84a5c4d5749e67ee413d638b9e26082d6100f1eda9dbcb405f4756edea7279
infeccao_sitio_cirurgico__infection_elective_clean_clean_contaminated_surgeries_developing_countries__article__international_journal_of_infectious_diseases __2019__v1.pdf,infeccao_sitio_cirurgico_infection_elective_clean_clean_contaminated_surgeries_developing_countries_article_international_journal_of_infectious_diseases_2019_v1,ATIVO,Manter pesquisável; validar inventário e conteúdo.,93,93,0,0,1CPPdhEiV2JsIGCOXovYj7RwLn35BnUB6,ROOT/enfermagem_perioperatoria/infeccao_sitio_cirurgico/infeccao_sitio_cirurgico__infection_elective_clean_clean_contaminated_surgeries_developing_countries__article__international_journal_of_infectious_diseases __2019__v1.pdf,1CPPdhEiV2JsIGCOXovYj7RwLn35BnUB6,,,,active,new:succeeded,,0,0.0000,,7c291855305652f28b988adc60565a0d56c65ece251fc76267c2b011b161c761
infeccao_sitio_cirurgico__intervencao_enfermagem_lesao_perioperatorio__artigo__sobecc__2024__v1.pdf,infeccao_sitio_cirurgico_intervencao_enfermagem_lesao_perioperatorio_artigo_sobecc_2024_v1,ATIVO,Manter pesquisável; validar inventário e conteúdo.,58,58,0,0,1LXQQMOjsvUHa8NdTKk0RXwbQBjAg8lD7,ROOT/enfermagem_perioperatoria/infeccao_sitio_cirurgico/infeccao_sitio_cirurgico__intervencao_enfermagem_lesao_perioperatorio__artigo__sobecc__2024__v1.pdf,1LXQQMOjsvUHa8NdTKk0RXwbQBjAg8lD7,,,,active,new:succeeded,,0,0.0000,,1a72e7906024da4aa91ec82eac6fc31392086cc02f46a2153c18bdb61ffbf430
infeccao_sitio_cirurgico__novo_em_sitio_cirurgico_antibioticoprofilaxia__artigo__abcd_arq_bras_cir_dig__2020__v1.pdf,infeccao_sitio_cirurgico_novo_em_sitio_cirurgico_antibioticoprofilaxia_artigo_abcd_arq_bras_cir_dig_2020_v1,ATIVO,Manter pesquisável; validar inventário e conteúdo.,42,42,0,0,1R0Pzaanq3GvepGiV9SLU7-La9BmGoui1,ROOT/enfermagem_perioperatoria/infeccao_sitio_cirurgico/infeccao_sitio_cirurgico__novo_em_sitio_cirurgico_antibioticoprofilaxia__artigo__abcd_arq_bras_cir_dig__2020__v1.pdf,1R0Pzaanq3GvepGiV9SLU7-La9BmGoui1,,,,active,new:succeeded,,0,0.0000,,a14489662339e58bb0f161e5409fdaeb8beb140ccf7f51a0bdd0ca2a82691520
infeccao_sitio_cirurgico__preparo_cirurgico_povidona_iodo_ou_clorexidina__artigo__sobecc__2018__v1.pdf,infeccao_sitio_cirurgico_preparo_cirurgico_povidona_iodo_ou_clorexidina_artigo_sobecc_2018_v1,ATIVO,Manter pesquisável; validar inventário e conteúdo.,30,30,0,0,1thXt7VYhkq97lqBrzin2Fu3KiLajarG-,ROOT/enfermagem_perioperatoria/infeccao_sitio_cirurgico/infeccao_sitio_cirurgico__preparo_cirurgico_povidona_iodo_ou_clorexidina__artigo__sobecc__2018__v1.pdf,1thXt7VYhkq97lqBrzin2Fu3KiLajarG-,,,,active,new:succeeded,,0,0.0000,,15377a7fbba31a995142618376873099e31a3f7b3d5aae395838b2ea03facd94
infeccao_sitio_cirurgico__prevention_surgical_site_infection__guia__who__2018__v2.pdf,infeccao_sitio_cirurgico_prevention_surgical_site_infection_guia_who_2018_v2,ATIVO,Manter pesquisável; validar inventário e conteúdo.,862,862,0,0,1Um9T9xAIcWTPoL44NBgQQNMOz4V_IjQW,ROOT/enfermagem_perioperatoria/infeccao_sitio_cirurgico/infeccao_sitio_cirurgico__prevention_surgical_site_infection__guia__who__2018__v2.pdf,1Um9T9xAIcWTPoL44NBgQQNMOz4V_IjQW,,,,active,new:succeeded,,0,0.0000,,434bf3051734023c4bd8038108ac95c691fa8dc892e6bdfc07b71e904a2f63bd
infeccao_sitio_cirurgico__rdc_15_boas_praticas_processamento_produtos_saude__regulamento__ministerio_da_saude__2012__v1,infeccao_sitio_cirurgico_rdc_15_boas_praticas_processamento_produtos_saude_regulamento_ministerio_da_saude_2012_v1,ATIVO,Manter pesquisável; validar inventário e conteúdo.,56,56,0,0,1v5cEFXfyIsZqYz7mVijoZm3seGx69pC3,ROOT/enfermagem_perioperatoria/infeccao_sitio_cirurgico/infeccao_sitio_cirurgico__rdc_15_boas_praticas_processamento_produtos_saude__regulamento__ministerio_da_saude__2012__v1,1v5cEFXfyIsZqYz7mVijoZm3seGx69pC3,,,,active,new:succeeded,,0,0.0000,,68ea29efa332b11c944d9d0a92624d6491fb47d0e1501f70f52710502f31b257
infeccao_sitio_cirurgico_avaliacao_risco_lesao_posicionamento_cirurgico_escala_elpo__artigo__rlae__2016__v1,infeccao_sitio_cirurgico_avaliacao_risco_lesao_posicionamento_cirurgico_escala_elpo_artigo_rlae_2016_v1,ATIVO,Manter pesquisável; validar inventário e conteúdo.,43,43,0,0,1jqsGK86i2AcDj9ATPyU13kcsRLkmCNJn,ROOT/enfermagem_perioperatoria/infeccao_sitio_cirurgico/infeccao_sitio_cirurgico_avaliacao_risco_lesao_posicionamento_cirurgico_escala_elpo__artigo__rlae__2016__v1,1jqsGK86i2AcDj9ATPyU13kcsRLkmCNJn,,,,active,new:succeeded,infeccao_sitio_cirurgico_avaliacao_risco_lesao_posicionamento_cirurgico_escala_elpo__artigo__rlae__2016__v1.pdf,0,0.0000,,6c15dd41702eb7c232712bfc30f71828ef61750ede39bc545678b735c07b490d
infeccao_sitio_cirurgico_avaliacao_risco_lesao_posicionamento_cirurgico_escala_elpo__artigo__rlae__2016__v1.pdf,infeccao_sitio_cirurgico_avaliacao_risco_lesao_posicionamento_cirurgico_escala_elpo_artigo_rlae_2016_v1,PENDENTE_DE_CONFIRMAÇÃO,Possível duplicata por nome normalizado; comparar conteúdo com os pares antes de excluir.,29,0,29,0,,,,,,,,,infeccao_sitio_cirurgico_avaliacao_risco_lesao_posicionamento_cirurgico_escala_elpo__artigo__rlae__2016__v1,0,0.0000,4e1b78cf64b119be4052b364b91aa7bf54b9ae1e55a0df831c298c9d6cd0faf0,
nomeclatura_cirurgica__4_tempos_cirurgicos__resumo__professora_vanessa_martinhago_borges_fernandes__sem_data__v1.pdf,nomeclatura_cirurgica_4_tempos_cirurgicos_resumo_professora_vanessa_martinhago_borges_fernandes_sem_data_v1,ATIVO,Manter pesquisável; validar inventário e conteúdo.,4,4,0,0,1z_YMS4BiOR5VPF_bpTCBcqH1dnsd6KwT,ROOT/enfermagem_perioperatoria/nomeclatura_cirurgica/nomeclatura_cirurgica__4_tempos_cirurgicos__resumo__professora_vanessa_martinhago_borges_fernandes__sem_data__v1.pdf,1z_YMS4BiOR5VPF_bpTCBcqH1dnsd6KwT,,,,active,new:succeeded,,0,0.0000,,77c05d16bd9a2905d27ed4b9e11b9e29ae66fe34d66d63e06da7d20bf668b85f
nomeclatura_cirurgica__capitulo_nomenclatura_cirurgica__capitulo_livro__fernando_riegel_e_nery_junior__2019__v1.pdf,nomeclatura_cirurgica_capitulo_nomenclatura_cirurgica_capitulo_livro_fernando_riegel_e_nery_junior_2019_v1,ATIVO,Manter pesquisável; validar inventário e conteúdo.,31,31,0,0,1Y0kgBCwjfPSAN9WAsXB2nCoM8oJM-mFJ,ROOT/enfermagem_perioperatoria/nomeclatura_cirurgica/nomeclatura_cirurgica__capitulo_nomenclatura_cirurgica__capitulo_livro__fernando_riegel_e_nery_junior__2019__v1.pdf,1Y0kgBCwjfPSAN9WAsXB2nCoM8oJM-mFJ,,,,active,new:succeeded,,0,0.0000,,7f62c6683ee1d15de9f78beb71fec8068ca9682858c814be3a2c3774ce5b43ba
nomeclatura_cirurgica__rotinas_centro_cirurgico__manual__ufrgs__2022__v1.pdf,nomeclatura_cirurgica_rotinas_centro_cirurgico_manual_ufrgs_2022_v1,ATIVO,Manter pesquisável; validar inventário e conteúdo.,81,81,0,0,1ylCscDwfJvWf0BnRcKVBol8GfilwPNuk,ROOT/enfermagem_perioperatoria/nomeclatura_cirurgica/nomeclatura_cirurgica__rotinas_centro_cirurgico__manual__ufrgs__2022__v1.pdf,1ylCscDwfJvWf0BnRcKVBol8GfilwPNuk,,,,active,new:succeeded,,0,0.0000,,a93ab74a12f266001f83871995bc2af2df1f71451581ce7bb5c66bfdba7529bf
nomenclatura_cirurgica__intervencoes_fundamentais_em_cirurgia__artigo__j_surg_cl_res__2018__v1,nomenclatura_cirurgica_intervencoes_fundamentais_em_cirurgia_artigo_j_surg_cl_res_2018_v1,ATIVO,Manter pesquisável; validar inventário e conteúdo.,45,45,0,0,1Dfa11eSLLIDE5S6eZPY8_qP3fG7WZQTx,ROOT/enfermagem_perioperatoria/nomeclatura_cirurgica/nomenclatura_cirurgica__intervencoes_fundamentais_em_cirurgia__artigo__j_surg_cl_res__2018__v1,1Dfa11eSLLIDE5S6eZPY8_qP3fG7WZQTx,,,,active,new:succeeded,nomenclatura_cirurgica__intervencoes_fundamentais_em_cirurgia__artigo__j_surg_cl_res__2018__v1.pdf,0,0.0000,,cb9e195a6d450140b8e90b55893dc766d647c66ab7bcdc5c57922b83b49a4d55
nomenclatura_cirurgica__intervencoes_fundamentais_em_cirurgia__artigo__j_surg_cl_res__2018__v1.pdf,nomenclatura_cirurgica_intervencoes_fundamentais_em_cirurgia_artigo_j_surg_cl_res_2018_v1,PENDENTE_DE_CONFIRMAÇÃO,Possível duplicata por nome normalizado; comparar conteúdo com os pares antes de excluir.,29,0,29,0,,,,,,,,,nomenclatura_cirurgica__intervencoes_fundamentais_em_cirurgia__artigo__j_surg_cl_res__2018__v1,0,0.0000,8184947179184cbc1847a58c3773f1e604cee0c684c02e3638a921563b3c14ee,
nutricao__alimentacao_precoce_cirurgia_digestiva__artigo__reas_ejch__2020__v1.pdf,nutricao_alimentacao_precoce_cirurgia_digestiva_artigo_reas_ejch_2020_v1,ATIVO,Manter pesquisável; validar inventário e conteúdo.,46,46,0,0,1sC_kwbQ0Rl_EzmUhpNd5qkiMZ6nRs1h8,ROOT/enfermagem_perioperatoria/nutricao/nutricao__alimentacao_precoce_cirurgia_digestiva__artigo__reas_ejch__2020__v1.pdf,1sC_kwbQ0Rl_EzmUhpNd5qkiMZ6nRs1h8,,,,active,new:succeeded,,0,0.0000,,2c8c30b6bf2da8f3f6a2d6253f175d8feb2777fbe8bfc56ec9f7bd0fba2f4d8a
nutricao__anemia_perioperatoria__artigo__archives_of_health__2025__v1.pdf,nutricao_anemia_perioperatoria_artigo_archives_of_health_2025_v1,ATIVO,Manter pesquisável; validar inventário e conteúdo.,18,18,0,0,1OgGmU5houhT6ONseSFeh-wlP4nPAIcZK,ROOT/enfermagem_perioperatoria/nutricao/nutricao__anemia_perioperatoria__artigo__archives_of_health__2025__v1.pdf,1OgGmU5houhT6ONseSFeh-wlP4nPAIcZK,,,,active,new:succeeded,,0,0.0000,,34549a3a170562849a0d901488fd79969f980a80d765129fa2663fb7a6625a51
nutricao__disfuncao_organica_perioperatoria__artigo__archives_of_health__2025__v1.pdf,nutricao_disfuncao_organica_perioperatoria_artigo_archives_of_health_2025_v1,ATIVO,Manter pesquisável; validar inventário e conteúdo.,20,20,0,0,1w-iSjXWRXHywRGMLm4cNmXOHvlqChck7,ROOT/enfermagem_perioperatoria/nutricao/nutricao__disfuncao_organica_perioperatoria__artigo__archives_of_health__2025__v1.pdf,1w-iSjXWRXHywRGMLm4cNmXOHvlqChck7,,,,active,new:succeeded,,0,0.0000,,727af3303024ee5c8c378e0112a34a5e7ddfefe7600ad69310651ff1767f20df
nutricao__espen_guideline_clinical_nutrition_surgery__artigo__escnm__2017__v1.pdf,nutricao_espen_guideline_clinical_nutrition_surgery_artigo_escnm_2017_v1,ATIVO,Manter pesquisável; validar inventário e conteúdo.,258,258,0,0,1xGY_SapE2TSc_PpEB3OM8FENw0tKP_v7,ROOT/enfermagem_perioperatoria/nutricao/nutricao__espen_guideline_clinical_nutrition_surgery__artigo__escnm__2017__v1.pdf,1xGY_SapE2TSc_PpEB3OM8FENw0tKP_v7,,,,active,new:succeeded,,0,0.0000,,ebca93c92b1af0388a79e3b989a27da0f06b4562ff535f91f5cdda2c36a2a5c9
nutricao__estado_nutricional_tempo_jejum_paciente_colorretais__artigo__nutricion_clinica__2016__v1.pdf,nutricao_estado_nutricional_tempo_jejum_paciente_colorretais_artigo_nutricion_clinica_2016_v1,ATIVO,Manter pesquisável; validar inventário e conteúdo.,37,37,0,0,16-T64RbQAsry8m955vpW2yxo4jakrbIu,ROOT/enfermagem_perioperatoria/nutricao/nutricao__estado_nutricional_tempo_jejum_paciente_colorretais__artigo__nutricion_clinica__2016__v1.pdf,16-T64RbQAsry8m955vpW2yxo4jakrbIu,,,,active,new:succeeded,,0,0.0000,,da300decdd75b0fe0bb2a320988e1ec21c88ac67f712f6581d1926967e5ac743
nutricao__intervencoes_nutricionais_perioperatório__artigo__rev_col_bras_cir__2017__v1.pdf,nutricao_intervencoes_nutricionais_perioperatorio_artigo_rev_col_bras_cir_2017_v1,ATIVO,Manter pesquisável; validar inventário e conteúdo.,86,86,0,0,1-y2_9a53d0ArQgLc4_PtZ22yBECV3rzN,ROOT/enfermagem_perioperatoria/nutricao/nutricao__intervencoes_nutricionais_perioperatório__artigo__rev_col_bras_cir__2017__v1.pdf,1-y2_9a53d0ArQgLc4_PtZ22yBECV3rzN,,,,active,new:succeeded,,0,0.0000,,1969cde88a4a6760f15cb51dec37838362718f42ca6f64d94851b35bbd0ba3b4
nutricao__nutrition_assessment__livro__nancy_munoz_melissa_bernstein__2019__v1.pdf,nutricao_nutrition_assessment_livro_nancy_munoz_melissa_bernstein_2019_v1,PENDENTE_DE_CONFIRMAÇÃO,Legado sem identidade do Drive; permanece em quarentena.,1657,0,1657,0,,,,,,,,,,0,0.0000,884d2adf890f2588f13342f7c3c9a6a18a337d4f2bd62586ffe4cf7177256b99,
nutricao__promoting_perioperative_metabolic_nutritional_care__artigo__asa__2015__v1.pdf,nutricao_promoting_perioperative_metabolic_nutritional_care_artigo_asa_2015_v1,ATIVO,Manter pesquisável; validar inventário e conteúdo.,186,186,0,0,12iLd6ulHIxM8yw9h501KqZt5OYyXVbtT,ROOT/enfermagem_perioperatoria/nutricao/nutricao__promoting_perioperative_metabolic_nutritional_care__artigo__asa__2015__v1.pdf,12iLd6ulHIxM8yw9h501KqZt5OYyXVbtT,,,,active,new:succeeded,,0,0.0000,,1696b2f8265b9bdeacef517d6f30ee062ca02dfbc658f219b36e962fcbbe78c1
nutricao__recomendacoes_nutricao_oral_entral_parenteral_balanco_hidrico__guia__braspen__2021__v1,nutricao_recomendacoes_nutricao_oral_entral_parenteral_balanco_hidrico_guia_braspen_2021_v1,ATIVO,Manter pesquisável; validar inventário e conteúdo.,398,398,0,0,1sZ-qNwzDCdhcj1osXoe3SQx-B6Nmikf9,ROOT/enfermagem_perioperatoria/nutricao/nutricao__recomendacoes_nutricao_oral_entral_parenteral_balanco_hidrico__guia__braspen__2021__v1,1sZ-qNwzDCdhcj1osXoe3SQx-B6Nmikf9,,,,active,new:succeeded,nutricao__recomendacoes_nutricao_oral_entral_parenteral_balanco_hidrico__guia__braspen__2021__v1.pdf,0,0.0000,,697fc1a124f31dbe19cf3692f1abe5e68f67c7b6fdc5283c9880e4ca23dbf752
nutricao__recomendacoes_nutricao_oral_entral_parenteral_balanco_hidrico__guia__braspen__2021__v1.pdf,nutricao_recomendacoes_nutricao_oral_entral_parenteral_balanco_hidrico_guia_braspen_2021_v1,PENDENTE_DE_CONFIRMAÇÃO,Possível duplicata por nome normalizado; comparar conteúdo com os pares antes de excluir.,271,0,271,0,,,,,,,,,nutricao__recomendacoes_nutricao_oral_entral_parenteral_balanco_hidrico__guia__braspen__2021__v1,0,0.0000,572a20684f8a0bbfb3ac80bed88380cb405cbb33589108552007e30c53aca0d6,
seguranca_cirurgica__boas_praticas_seguranca_paciente_recomendacao_para_enfermeiros__artigo__reben__2018__v1,seguranca_cirurgica_boas_praticas_seguranca_paciente_recomendacao_para_enfermeiros_artigo_reben_2018_v1,ATIVO,Manter pesquisável; validar inventário e conteúdo.,55,55,0,0,1nAnS9Lgf5Ywwv43xtoq369StrZQaTTIU,ROOT/enfermagem_perioperatoria/seguranca_cirurgica/seguranca_cirurgica__boas_praticas_seguranca_paciente_recomendacao_para_enfermeiros__artigo__reben__2018__v1,1nAnS9Lgf5Ywwv43xtoq369StrZQaTTIU,,,,active,new:succeeded,seguranca_cirurgica__boas_praticas_seguranca_paciente_recomendacao_para_enfermeiros__artigo__reben__2018__v1.pdf,0,0.0000,,1e0e4f7cf2a3c8fbf6af8aea09fe0bcaacd07cd2de94768704b77b3c27a23bed
seguranca_cirurgica__boas_praticas_seguranca_paciente_recomendacao_para_enfermeiros__artigo__reben__2018__v1.pdf,seguranca_cirurgica_boas_praticas_seguranca_paciente_recomendacao_para_enfermeiros_artigo_reben_2018_v1,PENDENTE_DE_CONFIRMAÇÃO,Possível duplicata por nome normalizado; comparar conteúdo com os pares antes de excluir.,39,0,39,0,,,,,,,,,seguranca_cirurgica__boas_praticas_seguranca_paciente_recomendacao_para_enfermeiros__artigo__reben__2018__v1,0,0.0000,6599db568e878da29c95c361763bb1386a0b49eee740cb25b2eceaf657eb3c80,
seguranca_cirurgica__cirurgia_segura__manual__oms__2009__v2,seguranca_cirurgica_cirurgia_segura_manual_oms_2009_v2,ATIVO,Manter pesquisável; validar inventário e conteúdo.,696,696,0,0,1AgmiMWrMdEsKTJuyY89oN3ldd6w__Pbg,ROOT/enfermagem_perioperatoria/seguranca_cirurgica/seguranca_cirurgica__cirurgia_segura__manual__oms__2009__v2,1AgmiMWrMdEsKTJuyY89oN3ldd6w__Pbg,,,,active,new:succeeded,seguranca_cirurgica__cirurgia_segura__manual__oms__2009__v2.pdf,0,0.0000,,5186686c83c9ff031d7a84de381834dc25ee28b431b4d95129a9652df317476b
seguranca_cirurgica__cirurgia_segura__manual__oms__2009__v2.pdf,seguranca_cirurgica_cirurgia_segura_manual_oms_2009_v2,PENDENTE_DE_CONFIRMAÇÃO,Possível duplicata por nome normalizado; comparar conteúdo com os pares antes de excluir.,454,0,454,0,,,,,,,,,seguranca_cirurgica__cirurgia_segura__manual__oms__2009__v2,0,0.0000,2901cea7d8619238855f76036352f6e41a32fdd71016c4bbe61546692c87e637,
seguranca_cirurgica__fatores_adesao_lista_verificacao_seguranca_cirurgica__artigo__sobecc__2021__v1,seguranca_cirurgica_fatores_adesao_lista_verificacao_seguranca_cirurgica_artigo_sobecc_2021_v1,ATIVO,Manter pesquisável; validar inventário e conteúdo.,42,42,0,0,1a42jr8rEqtm-Z_4JJcUAQ1iXayt-nQrT,ROOT/enfermagem_perioperatoria/seguranca_cirurgica/seguranca_cirurgica__fatores_adesao_lista_verificacao_seguranca_cirurgica__artigo__sobecc__2021__v1,1a42jr8rEqtm-Z_4JJcUAQ1iXayt-nQrT,,,,active,new:succeeded,seguranca_cirurgica__fatores_adesao_lista_verificacao_seguranca_cirurgica__artigo__sobecc__2021__v1.pdf,0,0.0000,,da2765a0bb1aeb355507c930aa34b71584820164ab976624b60ffc31ea56af19
seguranca_cirurgica__fatores_adesao_lista_verificacao_seguranca_cirurgica__artigo__sobecc__2021__v1.pdf,seguranca_cirurgica_fatores_adesao_lista_verificacao_seguranca_cirurgica_artigo_sobecc_2021_v1,PENDENTE_DE_CONFIRMAÇÃO,Possível duplicata por nome normalizado; comparar conteúdo com os pares antes de excluir.,29,0,29,0,,,,,,,,,seguranca_cirurgica__fatores_adesao_lista_verificacao_seguranca_cirurgica__artigo__sobecc__2021__v1,0,0.0000,68dce6932ad2628b85fd70f0a4eda576ecd0a419518f8116b24067dc1297764a,
seguranca_cirurgica__praticas_prevencao_retencao_nao_intencional_objetos_apos_cirurgia__nota_tecnica__anvisa__2017__v1,seguranca_cirurgica_praticas_prevencao_retencao_nao_intencional_objetos_apos_cirurgia_nota_tecnica_anvisa_2017_v1,ATIVO,Manter pesquisável; validar inventário e conteúdo.,60,60,0,0,1Zr2cWKl5SsHDYTNdiRLLHNFLI0JM2O7v,ROOT/enfermagem_perioperatoria/seguranca_cirurgica/seguranca_cirurgica__praticas_prevencao_retencao_nao_intencional_objetos_apos_cirurgia__nota_tecnica__anvisa__2017__v1,1Zr2cWKl5SsHDYTNdiRLLHNFLI0JM2O7v,,,,active,new:succeeded,seguranca_cirurgica__praticas_prevencao_retencao_nao_intencional_objetos_apos_cirurgia__nota_tecnica__anvisa__2017__v1.pdf,0,0.0000,,2c4734591351eaa70e2e1ddf47e2112a1ac81e76df7bf03d74070ece6d1921ac
seguranca_cirurgica__praticas_prevencao_retencao_nao_intencional_objetos_apos_cirurgia__nota_tecnica__anvisa__2017__v1.pdf,seguranca_cirurgica_praticas_prevencao_retencao_nao_intencional_objetos_apos_cirurgia_nota_tecnica_anvisa_2017_v1,PENDENTE_DE_CONFIRMAÇÃO,Possível duplicata por nome normalizado; comparar conteúdo com os pares antes de excluir.,37,0,37,0,,,,,,,,,seguranca_cirurgica__praticas_prevencao_retencao_nao_intencional_objetos_apos_cirurgia__nota_tecnica__anvisa__2017__v1,0,0.0000,6079ac4f28342cba395e47bcd2c4e695398dd9e367c56ce9a070d6e75566f85b,
seguranca_cirurgica__protocolo_cirurgia_segura__protocolo__ministerio_saude_anvisa_fiocruz__2013__v1,seguranca_cirurgica_protocolo_cirurgia_segura_protocolo_ministerio_saude_anvisa_fiocruz_2013_v1,ATIVO,Manter pesquisável; validar inventário e conteúdo.,28,28,0,0,1JQkYmjfUSx_Nhhh-z2PxKs_RG5s_8p2z,ROOT/enfermagem_perioperatoria/seguranca_cirurgica/seguranca_cirurgica__protocolo_cirurgia_segura__protocolo__ministerio_saude_anvisa_fiocruz__2013__v1,1JQkYmjfUSx_Nhhh-z2PxKs_RG5s_8p2z,,,,active,new:succeeded,seguranca_cirurgica__protocolo_cirurgia_segura__protocolo__ministerio_saude_anvisa_fiocruz__2013__v1.pdf,0,0.0000,,96101f7e37d7aa616b783cba8c0f0bf2040b88ff06b699826e7efd7559c4cb2c
seguranca_cirurgica__protocolo_cirurgia_segura__protocolo__ministerio_saude_anvisa_fiocruz__2013__v1.pdf,seguranca_cirurgica_protocolo_cirurgia_segura_protocolo_ministerio_saude_anvisa_fiocruz_2013_v1,PENDENTE_DE_CONFIRMAÇÃO,Possível duplicata por nome normalizado; comparar conteúdo com os pares antes de excluir.,17,0,17,0,,,,,,,,,seguranca_cirurgica__protocolo_cirurgia_segura__protocolo__ministerio_saude_anvisa_fiocruz__2013__v1,0,0.0000,9b7830cada64208f7c270e05c564c5d6bff5e42287d47cfb1a0099a7a84b037c,
seguranca_cirurgica__seguranca_paciente_vigilancia_sanitaria__artigo__revista_visa_em_debate__2014__v1,seguranca_cirurgica_seguranca_paciente_vigilancia_sanitaria_artigo_revista_visa_em_debate_2014_v1,ATIVO,Manter pesquisável; validar inventário e conteúdo.,59,59,0,0,1tlLGjy3H7HybRDJfw7UqUxbmA2SrcVdQ,ROOT/enfermagem_perioperatoria/seguranca_cirurgica/seguranca_cirurgica__seguranca_paciente_vigilancia_sanitaria__artigo__revista_visa_em_debate__2014__v1,1tlLGjy3H7HybRDJfw7UqUxbmA2SrcVdQ,,,,active,new:succeeded,seguranca_cirurgica__seguranca_paciente_vigilancia_sanitaria__artigo__revista_visa_em_debate__2014__v1.pdf,0,0.0000,,494850df7694a41473db3b215b307abf2bb55191e2d168e066bade31fb7f1d7f
seguranca_cirurgica__seguranca_paciente_vigilancia_sanitaria__artigo__revista_visa_em_debate__2014__v1.pdf,seguranca_cirurgica_seguranca_paciente_vigilancia_sanitaria_artigo_revista_visa_em_debate_2014_v1,PENDENTE_DE_CONFIRMAÇÃO,Possível duplicata por nome normalizado; comparar conteúdo com os pares antes de excluir.,40,0,40,0,,,,,,,,,seguranca_cirurgica__seguranca_paciente_vigilancia_sanitaria__artigo__revista_visa_em_debate__2014__v1,0,0.0000,f8c9c359ebd83cd649bbaa78b30363e93163f3a2fdc20a93d3614cd4953627ef,
sutura__boas_praticas_em_sutura_simples_guia_para_enfermeiros__guia__coren__2025__v1.pdf,sutura_boas_praticas_em_sutura_simples_guia_para_enfermeiros_guia_coren_2025_v1,ATIVO,Manter pesquisável; validar inventário e conteúdo.,172,172,0,0,1yAYbvBHEf6A_xWlq9f-xjBk4BTgtABnN,ROOT/enfermagem_perioperatoria/sutura/sutura__boas_praticas_em_sutura_simples_guia_para_enfermeiros__guia__coren__2025__v1.pdf,1yAYbvBHEf6A_xWlq9f-xjBk4BTgtABnN,,,,active,new:succeeded,,0,0.0000,,a8248d633d750b5c60f536d44d682c9619300a305fb5b152e5696f93aea2d039
sutura__implicacoes_politicas_tecnicas_socioculturais_da_sutura_simples__resumo_simposio__unirio__2023__v1,sutura_implicacoes_politicas_tecnicas_socioculturais_da_sutura_simples_resumo_simposio_unirio_2023_v1,ATIVO,Manter pesquisável; validar inventário e conteúdo.,15,15,0,0,1x6ItDqToXxEVWogytRPZIMvj0k9s_eT3,ROOT/enfermagem_perioperatoria/sutura/sutura__implicacoes_politicas_tecnicas_socioculturais_da_sutura_simples__resumo_simposio__unirio__2023__v1,1x6ItDqToXxEVWogytRPZIMvj0k9s_eT3,,,,active,new:succeeded,sutura__implicacoes_politicas_tecnicas_socioculturais_da_sutura_simples__resumo_simposio__unirio__2023__v1.pdf,0,0.0000,,b68ca0cf131ce66284a2d1f7d4a425ce0df9eaa825d143c706ccba444c5eb85a
sutura__implicacoes_politicas_tecnicas_socioculturais_da_sutura_simples__resumo_simposio__unirio__2023__v1.pdf,sutura_implicacoes_politicas_tecnicas_socioculturais_da_sutura_simples_resumo_simposio_unirio_2023_v1,PENDENTE_DE_CONFIRMAÇÃO,Possível duplicata por nome normalizado; comparar conteúdo com os pares antes de excluir.,11,0,11,0,,,,,,,,,sutura__implicacoes_politicas_tecnicas_socioculturais_da_sutura_simples__resumo_simposio__unirio__2023__v1,0,0.0000,788e94490b67bb6cad2519beb2172e99ae97a55631d366082cc526298940dfde,
sutura__regulamento_sutura_simples_enfermeiro__regulamento__cofen__2023__v1.pdf,sutura_regulamento_sutura_simples_enfermeiro_regulamento_cofen_2023_v1,ATIVO,Manter pesquisável; validar inventário e conteúdo.,6,6,0,0,1cvepErJkxwdGQqpbFa9XsKNEXupDtVpM,ROOT/enfermagem_perioperatoria/sutura/sutura__regulamento_sutura_simples_enfermeiro__regulamento__cofen__2023__v1.pdf,1cvepErJkxwdGQqpbFa9XsKNEXupDtVpM,,,,active,new:succeeded,,0,0.0000,,f5d5ef1a757ba06712add20dcd708338097a596aad372076a5d4e51b3eba47bb
teleconsulta__experiencia_profissionais_saúde__artigo__revista_escola_de_enfermagem_da_usp__2023__v1,teleconsulta_experiencia_profissionais_saude_artigo_revista_escola_de_enfermagem_da_usp_2023_v1,ATIVO,Manter pesquisável; validar inventário e conteúdo.,56,56,0,0,1DlFt-yq4yEtwCfTbQ1tbesx4SBIaFFMt,ROOT/enfermagem_perioperatoria/teleconsulta/teleconsulta__experiencia_profissionais_saúde__artigo__revista_escola_de_enfermagem_da_usp__2023__v1,1DlFt-yq4yEtwCfTbQ1tbesx4SBIaFFMt,,,,active,new:succeeded,teleconsulta__experiencia_profissionais_saúde__artigo__revista_escola_de_enfermagem_da_usp__2023__v1.pdf,0,0.0000,,13dab21f5d02f70c26c20ffbd1ea8fde457ca602ac5e69e36fedef415175ef76
teleconsulta__experiencia_profissionais_saúde__artigo__revista_escola_de_enfermagem_da_usp__2023__v1.pdf,teleconsulta_experiencia_profissionais_saude_artigo_revista_escola_de_enfermagem_da_usp_2023_v1,PENDENTE_DE_CONFIRMAÇÃO,Possível duplicata por nome normalizado; comparar conteúdo com os pares antes de excluir.,38,0,38,0,,,,,,,,,teleconsulta__experiencia_profissionais_saúde__artigo__revista_escola_de_enfermagem_da_usp__2023__v1,0,0.0000,de73048f92071798f318d7026c763a1ced90277e3c1e4a5b8a3921833941a2b7,
teleconsulta__resolucao_cofen_telenfermagem__regulamento__cofen__2022__v1,teleconsulta_resolucao_cofen_telenfermagem_regulamento_cofen_2022_v1,ATIVO,Manter pesquisável; validar inventário e conteúdo.,25,25,0,0,1JVN_nsRJnsqjoo8DuKWaPVEHZF0QAeyr,ROOT/enfermagem_perioperatoria/teleconsulta/teleconsulta__resolucao_cofen_telenfermagem__regulamento__cofen__2022__v1,1JVN_nsRJnsqjoo8DuKWaPVEHZF0QAeyr,,,,active,new:succeeded,teleconsulta__resolucao_cofen_telenfermagem__regulamento__cofen__2022__v1.pdf,0,0.0000,,495cc5b6144921009e366015ea225177c9e428c4f3410fbfbd62e57159995ec2
teleconsulta__resolucao_cofen_telenfermagem__regulamento__cofen__2022__v1.pdf,teleconsulta_resolucao_cofen_telenfermagem_regulamento_cofen_2022_v1,PENDENTE_DE_CONFIRMAÇÃO,Possível duplicata por nome normalizado; comparar conteúdo com os pares antes de excluir.,19,0,19,0,,,,,,,,,teleconsulta__resolucao_cofen_telenfermagem__regulamento__cofen__2022__v1,0,0.0000,7d960c87d2042e7d2d287bd4b464c1838301c872784a75fdf59067c6d07202fb,
teleconsulta__teleconsulta_enfermagem_paciente_cirurgia_geral__artigo__global_academic_nursing_journal__2022__v1,teleconsulta_teleconsulta_enfermagem_paciente_cirurgia_geral_artigo_global_academic_nursing_journal_2022_v1,ATIVO,Manter pesquisável; validar inventário e conteúdo.,43,43,0,0,12E3zeZALF2fXu7Axkq-bPbqqGi8PpkLa,ROOT/enfermagem_perioperatoria/teleconsulta/teleconsulta__teleconsulta_enfermagem_paciente_cirurgia_geral__artigo__global_academic_nursing_journal__2022__v1,12E3zeZALF2fXu7Axkq-bPbqqGi8PpkLa,,,,active,new:succeeded,teleconsulta__teleconsulta_enfermagem_paciente_cirurgia_geral__artigo__global_academic_nursing_journal__2022__v1.pdf,0,0.0000,,40c4828212908333b50c53664fb8fdb31e62cb4e8d47d6b6ae0d17a9e0724d75
teleconsulta__teleconsulta_enfermagem_paciente_cirurgia_geral__artigo__global_academic_nursing_journal__2022__v1.pdf,teleconsulta_teleconsulta_enfermagem_paciente_cirurgia_geral_artigo_global_academic_nursing_journal_2022_v1,PENDENTE_DE_CONFIRMAÇÃO,Possível duplicata por nome normalizado; comparar conteúdo com os pares antes de excluir.,30,0,30,0,,,,,,,,,teleconsulta__teleconsulta_enfermagem_paciente_cirurgia_geral__artigo__global_academic_nursing_journal__2022__v1,0,0.0000,3aecc29804d818ecd3e0b9395b2e71ad060a9c8c0cb7375fdf4fddecd5dba22b,
teleconsulta_manual_boas_praticas_telessaude_2025.pdf,teleconsulta_manual_boas_praticas_telessaude_2025,ATIVO,Manter pesquisável; validar inventário e conteúdo.,567,567,0,0,1s_GOMN45mxvxZwbH00bL71gcHRr9V8eD,ROOT/enfermagem_perioperatoria/teleconsulta/teleconsulta_manual_boas_praticas_telessaude_2025.pdf,1s_GOMN45mxvxZwbH00bL71gcHRr9V8eD,,,,active,new:succeeded,,0,0.0000,,76a93d9c689f5a4eb468b09120884433ca5637a46e611c89d0107bc705b74478
